{"stats":{"minecraft:killed":{"minecraft:pig":6,"minecraft:sheep":7,"minecraft:pillager":2,"minecraft:chicken":3},"minecraft:killed_by":{"minecraft:zombie":4},"minecraft:mined":{"minecraft:white_bed":1,"minecraft:dark_oak_leaves":4,"minecraft:dark_oak_log":5,"minecraft:crafting_table":2,"minecraft:short_grass":14,"minecraft:grass_block":1,"minecraft:wall_torch":1,"minecraft:birch_log":7,"minecraft:birch_leaves":6,"minecraft:andesite":1,"minecraft:white_wall_banner":1,"minecraft:coal_ore":13,"minecraft:oak_log":16,"minecraft:dirt":1,"minecraft:stone":18,"minecraft:oak_leaves":4},"minecraft:custom":{"minecraft:interact_with_furnace":5,"minecraft:mob_kills":18,"minecraft:interact_with_crafting_table":13,"minecraft:leave_game":9,"minecraft:time_since_death":16132,"minecraft:sleep_in_bed":1,"minecraft:time_since_rest":9885,"minecraft:sprint_one_cm":220633,"minecraft:damage_taken":1783,"minecraft:walk_one_cm":150674,"minecraft:damage_dealt":1814,"minecraft:swim_one_cm":35899,"minecraft:fly_one_cm":149799,"minecraft:open_chest":1,"minecraft:crouch_one_cm":76,"minecraft:play_time":65326,"minecraft:deaths":5,"minecraft:sneak_time":10,"minecraft:walk_under_water_one_cm":3916,"minecraft:boat_one_cm":184336,"minecraft:jump":942,"minecraft:walk_on_water_one_cm":16948,"minecraft:total_world_time":65326,"minecraft:fall_one_cm":35143},"minecraft:picked_up":{"minecraft:birch_log":7,"minecraft:crafting_table":2,"minecraft:feather":2,"minecraft:ominous_bottle":1,"minecraft:chicken":3,"minecraft:andesite":1,"minecraft:oak_log":16,"minecraft:dirt":2,"minecraft:white_banner":2,"minecraft:apple":1,"minecraft:wheat_seeds":2,"minecraft:light_gray_wool":1,"minecraft:birch_sapling":3,"minecraft:stick":2,"minecraft:porkchop":14,"minecraft:white_bed":1,"minecraft:dark_oak_log":5,"minecraft:oak_sapling":3,"minecraft:mutton":11,"minecraft:coal":13,"minecraft:white_wool":9,"minecraft:cobblestone":18},"minecraft:crafted":{"minecraft:oak_planks":64,"minecraft:cooked_porkchop":7,"minecraft:crafting_table":4,"minecraft:wooden_pickaxe":1,"minecraft:birch_boat":1,"minecraft:furnace":1,"minecraft:birch_planks":8,"minecraft:oak_boat":1,"minecraft:stick":12,"minecraft:stone_pickaxe":1,"minecraft:wooden_axe":1,"minecraft:stone_sword":1,"minecraft:white_bed":1,"minecraft:dark_oak_planks":8,"minecraft:torch":8},"minecraft:used":{"minecraft:stone_sword":59,"minecraft:stone_pickaxe":23,"minecraft:oak_planks":15,"minecraft:birch_boat":1,"minecraft:wooden_pickaxe":9,"minecraft:torch":7,"minecraft:mutton":4,"minecraft:crafting_table":5,"minecraft:white_bed":1,"minecraft:wooden_axe":9,"minecraft:apple":1,"minecraft:porkchop":1,"minecraft:furnace":1,"minecraft:white_banner":1,"minecraft:cooked_porkchop":5,"minecraft:oak_boat":1}},"DataVersion":3953}