{"stats":{"minecraft:killed":{"minecraft:pig":1},"minecraft:killed_by":{"minecraft:zombie":3},"minecraft:mined":{"minecraft:short_grass":1,"minecraft:oak_log":6,"minecraft:grass_block":1,"minecraft:dark_oak_leaves":3,"minecraft:dark_oak_log":3},"minecraft:custom":{"minecraft:time_since_rest":8312,"minecraft:sprint_one_cm":40257,"minecraft:play_time":20307,"minecraft:deaths":3,"minecraft:damage_taken":883,"minecraft:walk_one_cm":24454,"minecraft:walk_under_water_one_cm":1668,"minecraft:mob_kills":1,"minecraft:boat_one_cm":77654,"minecraft:jump":208,"minecraft:damage_dealt":145,"minecraft:leave_game":5,"minecraft:time_since_death":8229,"minecraft:walk_on_water_one_cm":5155,"minecraft:total_world_time":20307,"minecraft:swim_one_cm":8113,"minecraft:interact_with_crafting_table":1,"minecraft:fall_one_cm":9642,"minecraft:fly_one_cm":38800},"minecraft:picked_up":{"minecraft:porkchop":2,"minecraft:oak_log":6,"minecraft:dark_oak_log":3,"minecraft:dirt":1},"minecraft:crafted":{"minecraft:oak_boat":1,"minecraft:oak_planks":24,"minecraft:crafting_table":1},"minecraft:used":{"minecraft:crafting_table":1,"minecraft:oak_boat":1}},"DataVersion":3953}