{"stats":{"minecraft:killed":{"minecraft:pig":2},"minecraft:killed_by":{"minecraft:zombie":3},"minecraft:mined":{"minecraft:dark_oak_leaves":3,"minecraft:birch_log":5,"minecraft:dark_oak_log":3,"minecraft:birch_leaves":5,"minecraft:short_grass":2,"minecraft:grass_block":1,"minecraft:oak_log":16,"minecraft:dirt":1,"minecraft:oak_leaves":4},"minecraft:custom":{"minecraft:time_since_rest":15483,"minecraft:sprint_one_cm":66442,"minecraft:damage_taken":893,"minecraft:walk_one_cm":39536,"minecraft:mob_kills":2,"minecraft:damage_dealt":245,"minecraft:swim_one_cm":8113,"minecraft:interact_with_crafting_table":3,"minecraft:fly_one_cm":53898,"minecraft:crouch_one_cm":41,"minecraft:play_time":27478,"minecraft:deaths":3,"minecraft:sneak_time":5,"minecraft:walk_under_water_one_cm":1668,"minecraft:boat_one_cm":77654,"minecraft:jump":291,"minecraft:leave_game":7,"minecraft:walk_on_water_one_cm":5155,"minecraft:time_since_death":15400,"minecraft:total_world_time":27478,"minecraft:fall_one_cm":12092},"minecraft:picked_up":{"minecraft:birch_log":5,"minecraft:stick":2,"minecraft:porkchop":5,"minecraft:oak_log":16,"minecraft:dark_oak_log":3,"minecraft:dirt":2,"minecraft:apple":1,"minecraft:oak_sapling":3,"minecraft:birch_sapling":1},"minecraft:crafted":{"minecraft:oak_boat":1,"minecraft:oak_planks":24,"minecraft:crafting_table":2,"minecraft:wooden_axe":1},"minecraft:used":{"minecraft:wooden_axe":5,"minecraft:apple":1,"minecraft:crafting_table":2,"minecraft:oak_boat":1}},"DataVersion":3953}