{"stats":{"minecraft:broken":{"minecraft:stone_pickaxe":1},"minecraft:crafted":{"minecraft:oak_planks":80,"minecraft:birch_boat":1,"minecraft:cooked_chicken":2,"minecraft:furnace":6,"minecraft:cooked_mutton":3,"minecraft:stone_pickaxe":2,"minecraft:dark_oak_planks":12,"minecraft:cooked_porkchop":13,"minecraft:crafting_table":10,"minecraft:wooden_pickaxe":2,"minecraft:iron_sword":1,"minecraft:birch_planks":60,"minecraft:stone_axe":2,"minecraft:oak_boat":1,"minecraft:diamond_pickaxe":1,"minecraft:stick":40,"minecraft:iron_ingot":10,"minecraft:iron_pickaxe":1,"minecraft:wooden_axe":1,"minecraft:stone_sword":2,"minecraft:white_bed":2,"minecraft:torch":60},"minecraft:picked_up":{"minecraft:wooden_axe":5,"minecraft:cocoa_beans":26,"minecraft:birch_door":2,"minecraft:crafting_table":4,"minecraft:ladder":2,"minecraft:ominous_bottle":4,"minecraft:chicken":18,"minecraft:clay_ball":4,"minecraft:wooden_pickaxe":8,"minecraft:amethyst_block":6,"minecraft:string":1,"minecraft:iron_axe":2,"minecraft:wooden_sword":1,"minecraft:flint_and_steel":1,"minecraft:cobbled_deepslate":69,"minecraft:jungle_sapling":2,"minecraft:calcite":2,"minecraft:wooden_shovel":1,"minecraft:light_gray_wool":1,"minecraft:poppy":2,"minecraft:iron_pickaxe":2,"minecraft:melon_slice":43,"minecraft:sugar_cane":8,"minecraft:birch_sapling":36,"minecraft:egg":1,"minecraft:raw_iron":18,"minecraft:stick":17,"minecraft:sandstone":14,"minecraft:torch":72,"minecraft:porkchop":32,"minecraft:diorite":16,"minecraft:dark_oak_planks":1,"minecraft:stone_shovel":1,"minecraft:stone_sword":6,"minecraft:arrow":1,"minecraft:rotten_flesh":7,"minecraft:glow_berries":12,"minecraft:mutton":23,"minecraft:white_wool":15,"minecraft:rail":14,"minecraft:cobblestone":156,"minecraft:birch_log":30,"minecraft:feather":28,"minecraft:jungle_log":8,"minecraft:andesite":4,"minecraft:filled_map":1,"minecraft:birch_planks":227,"minecraft:tuff":3,"minecraft:oak_log":25,"minecraft:gunpowder":3,"minecraft:wooden_hoe":1,"minecraft:dirt":68,"minecraft:white_banner":4,"minecraft:leather_boots":1,"minecraft:bone":4,"minecraft:apple":1,"minecraft:bow":2,"minecraft:wheat_seeds":9,"minecraft:stone_pickaxe":9,"minecraft:cooked_chicken":2,"minecraft:moss_block":8,"minecraft:oak_planks":208,"minecraft:iron_sword":1,"minecraft:smooth_basalt":1,"minecraft:birch_boat":2,"minecraft:cooked_porkchop":6,"minecraft:dandelion":9,"minecraft:jungle_planks":8,"minecraft:birch_chest_boat":1,"minecraft:birch_stairs":8,"minecraft:sand":640,"minecraft:white_bed":8,"minecraft:dark_oak_log":12,"minecraft:diamond":6,"minecraft:stone_axe":7,"minecraft:granite":2,"minecraft:oak_sapling":12,"minecraft:coal":196,"minecraft:diamond_pickaxe":1},"minecraft:killed_by":{"minecraft:zombie_villager":1,"minecraft:player":4,"minecraft:creeper":3,"minecraft:skeleton":2,"minecraft:zombie":8},"minecraft:mined":{"minecraft:tuff":3,"minecraft:white_bed":4,"minecraft:dark_oak_leaves":4,"minecraft:deepslate_diamond_ore":4,"minecraft:dark_oak_log":5,"minecraft:cave_vines_plant":8,"minecraft:grass_block":6,"minecraft:jungle_log":8,"minecraft:moss_block":4,"minecraft:cobbled_deepslate":1,"minecraft:andesite":1,"minecraft:vine":1,"minecraft:cave_vines":18,"minecraft:deepslate_iron_ore":17,"minecraft:rail":2,"minecraft:stone":93,"minecraft:dandelion":3,"minecraft:clay":1,"minecraft:crafting_table":2,"minecraft:torch":1,"minecraft:short_grass":34,"minecraft:calcite":2,"minecraft:melon":10,"minecraft:poppy":2,"minecraft:tall_grass":11,"minecraft:cobblestone":3,"minecraft:oak_planks":1,"minecraft:diorite":8,"minecraft:wall_torch":3,"minecraft:amethyst_block":3,"minecraft:birch_sapling":1,"minecraft:birch_planks":2,"minecraft:birch_log":23,"minecraft:birch_leaves":16,"minecraft:white_wall_banner":1,"minecraft:oak_log":17,"minecraft:coal_ore":56,"minecraft:cocoa":3,"minecraft:dirt":14,"minecraft:smooth_basalt":1,"minecraft:oak_leaves":5,"minecraft:deepslate":46,"minecraft:fern":4},"minecraft:dropped":{"minecraft:iron_ingot":1,"minecraft:birch_planks":102,"minecraft:ominous_bottle":1,"minecraft:diamond":1,"minecraft:coal":66,"minecraft:wooden_hoe":1,"minecraft:melon_slice":1,"minecraft:sand":256,"minecraft:string":1,"minecraft:birch_stairs":8,"minecraft:cocoa_beans":16,"minecraft:tuff":1,"minecraft:birch_sapling":1,"minecraft:rotten_flesh":3,"minecraft:oak_planks":85,"minecraft:flint_and_steel":1,"minecraft:filled_map":1,"minecraft:gunpowder":1,"minecraft:diamond_pickaxe":1,"minecraft:wooden_shovel":1,"minecraft:ladder":2,"minecraft:stone_pickaxe":1},"minecraft:used":{"minecraft:stone_sword":107,"minecraft:iron_sword":2,"minecraft:cooked_chicken":3,"minecraft:torch":31,"minecraft:dirt":33,"minecraft:mutton":4,"minecraft:wooden_axe":9,"minecraft:birch_chest_boat":1,"minecraft:iron_axe":3,"minecraft:furnace":6,"minecraft:cobbled_deepslate":10,"minecraft:cooked_mutton":2,"minecraft:water_bucket":56,"minecraft:diorite":6,"minecraft:birch_planks":9,"minecraft:stone_pickaxe":175,"minecraft:oak_planks":25,"minecraft:birch_boat":2,"minecraft:wooden_pickaxe":17,"minecraft:glow_berries":8,"minecraft:crafting_table":12,"minecraft:white_bed":6,"minecraft:oak_log":2,"minecraft:diamond_pickaxe":27,"minecraft:apple":1,"minecraft:dark_oak_log":2,"minecraft:melon_slice":10,"minecraft:iron_pickaxe":33,"minecraft:stone_axe":28,"minecraft:cobblestone":38,"minecraft:cooked_porkchop":9,"minecraft:white_banner":2,"minecraft:porkchop":2,"minecraft:andesite":1,"minecraft:oak_boat":1},"minecraft:killed":{"minecraft:skeleton":2,"minecraft:chicken":7,"minecraft:pig":10,"minecraft:sheep":7,"minecraft:pillager":2,"minecraft:zombie":1,"minecraft:cow":1},"minecraft:custom":{"minecraft:mob_kills":30,"minecraft:interact_with_crafting_table":35,"minecraft:leave_game":15,"minecraft:time_since_death":20838,"minecraft:climb_one_cm":2782,"minecraft:sprint_one_cm":744565,"minecraft:walk_one_cm":512128,"minecraft:drop":31,"minecraft:play_time":221169,"minecraft:deaths":20,"minecraft:sneak_time":526,"minecraft:walk_under_water_one_cm":42787,"minecraft:boat_one_cm":312791,"minecraft:jump":2985,"minecraft:walk_on_water_one_cm":36643,"minecraft:total_world_time":221169,"minecraft:interact_with_furnace":34,"minecraft:sleep_in_bed":5,"minecraft:time_since_rest":5817,"minecraft:damage_taken":6475,"minecraft:damage_dealt":3616,"minecraft:swim_one_cm":50747,"minecraft:fly_one_cm":916109,"minecraft:open_chest":10,"minecraft:crouch_one_cm":396,"minecraft:fall_one_cm":99495}},"DataVersion":3953}