{"stats":{"minecraft:killed":{"minecraft:sheep":4,"minecraft:pillager":2,"minecraft:pig":6,"minecraft:chicken":3},"minecraft:killed_by":{"minecraft:zombie":4},"minecraft:mined":{"minecraft:dark_oak_leaves":3,"minecraft:birch_log":5,"minecraft:dark_oak_log":3,"minecraft:andesite":1,"minecraft:birch_leaves":6,"minecraft:white_wall_banner":1,"minecraft:short_grass":14,"minecraft:oak_log":16,"minecraft:grass_block":1,"minecraft:coal_ore":13,"minecraft:dirt":1,"minecraft:stone":18,"minecraft:oak_leaves":4,"minecraft:wall_torch":1},"minecraft:custom":{"minecraft:time_since_rest":4837,"minecraft:interact_with_furnace":5,"minecraft:damage_taken":1773,"minecraft:sprint_one_cm":195136,"minecraft:walk_one_cm":119232,"minecraft:mob_kills":15,"minecraft:damage_dealt":1575,"minecraft:swim_one_cm":31489,"minecraft:interact_with_crafting_table":10,"minecraft:fly_one_cm":127213,"minecraft:open_chest":1,"minecraft:crouch_one_cm":76,"minecraft:play_time":53865,"minecraft:deaths":5,"minecraft:sneak_time":9,"minecraft:walk_under_water_one_cm":3805,"minecraft:boat_one_cm":77654,"minecraft:jump":793,"minecraft:leave_game":8,"minecraft:walk_on_water_one_cm":10388,"minecraft:time_since_death":4671,"minecraft:total_world_time":53865,"minecraft:fall_one_cm":31611},"minecraft:picked_up":{"minecraft:birch_log":5,"minecraft:stick":2,"minecraft:feather":2,"minecraft:ominous_bottle":1,"minecraft:chicken":3,"minecraft:andesite":1,"minecraft:porkchop":14,"minecraft:oak_log":16,"minecraft:dark_oak_log":3,"minecraft:dirt":2,"minecraft:white_banner":2,"minecraft:apple":1,"minecraft:wheat_seeds":2,"minecraft:light_gray_wool":1,"minecraft:oak_sapling":3,"minecraft:mutton":6,"minecraft:birch_sapling":3,"minecraft:coal":13,"minecraft:white_wool":6,"minecraft:cobblestone":18},"minecraft:crafted":{"minecraft:oak_boat":1,"minecraft:oak_planks":64,"minecraft:cooked_porkchop":7,"minecraft:crafting_table":3,"minecraft:stick":8,"minecraft:wooden_pickaxe":1,"minecraft:stone_pickaxe":1,"minecraft:wooden_axe":1,"minecraft:stone_sword":1,"minecraft:furnace":1,"minecraft:torch":8},"minecraft:used":{"minecraft:wooden_axe":9,"minecraft:stone_sword":59,"minecraft:apple":1,"minecraft:stone_pickaxe":23,"minecraft:oak_planks":15,"minecraft:wooden_pickaxe":9,"minecraft:torch":7,"minecraft:crafting_table":3,"minecraft:white_banner":1,"minecraft:cooked_porkchop":5,"minecraft:furnace":1,"minecraft:porkchop":1,"minecraft:oak_boat":1}},"DataVersion":3953}