{"stats":{"minecraft:killed":{"minecraft:pig":6,"minecraft:sheep":7,"minecraft:pillager":2,"minecraft:chicken":3},"minecraft:killed_by":{"minecraft:skeleton":1,"minecraft:creeper":1,"minecraft:zombie":5},"minecraft:mined":{"minecraft:white_bed":2,"minecraft:dark_oak_leaves":4,"minecraft:dark_oak_log":5,"minecraft:crafting_table":2,"minecraft:short_grass":14,"minecraft:grass_block":1,"minecraft:wall_torch":1,"minecraft:birch_log":7,"minecraft:birch_leaves":6,"minecraft:andesite":1,"minecraft:white_wall_banner":1,"minecraft:oak_log":16,"minecraft:coal_ore":13,"minecraft:dirt":1,"minecraft:stone":28,"minecraft:oak_leaves":4},"minecraft:custom":{"minecraft:interact_with_furnace":6,"minecraft:mob_kills":18,"minecraft:interact_with_crafting_table":14,"minecraft:leave_game":11,"minecraft:time_since_death":3581,"minecraft:sleep_in_bed":2,"minecraft:time_since_rest":3640,"minecraft:sprint_one_cm":289456,"minecraft:damage_taken":2381,"minecraft:walk_one_cm":176938,"minecraft:damage_dealt":1844,"minecraft:swim_one_cm":35899,"minecraft:fly_one_cm":167463,"minecraft:open_chest":1,"minecraft:crouch_one_cm":104,"minecraft:play_time":75204,"minecraft:deaths":8,"minecraft:sneak_time":46,"minecraft:walk_under_water_one_cm":3916,"minecraft:boat_one_cm":184336,"minecraft:jump":1090,"minecraft:walk_on_water_one_cm":16948,"minecraft:total_world_time":75204,"minecraft:fall_one_cm":39161},"minecraft:picked_up":{"minecraft:wooden_axe":3,"minecraft:birch_log":12,"minecraft:crafting_table":4,"minecraft:feather":12,"minecraft:ominous_bottle":3,"minecraft:chicken":14,"minecraft:andesite":4,"minecraft:wooden_pickaxe":4,"minecraft:birch_planks":2,"minecraft:oak_log":16,"minecraft:dirt":49,"minecraft:white_banner":4,"minecraft:apple":1,"minecraft:bow":1,"minecraft:wheat_seeds":5,"minecraft:stone_pickaxe":3,"minecraft:light_gray_wool":1,"minecraft:sugar_cane":8,"minecraft:birch_sapling":12,"minecraft:oak_planks":66,"minecraft:egg":1,"minecraft:stick":8,"minecraft:birch_boat":1,"minecraft:cooked_porkchop":6,"minecraft:torch":2,"minecraft:porkchop":20,"minecraft:white_bed":4,"minecraft:dark_oak_log":12,"minecraft:dark_oak_planks":1,"minecraft:stone_sword":3,"minecraft:rotten_flesh":2,"minecraft:oak_sapling":12,"minecraft:mutton":23,"minecraft:coal":13,"minecraft:white_wool":15,"minecraft:cobblestone":42},"minecraft:crafted":{"minecraft:oak_planks":64,"minecraft:cooked_porkchop":7,"minecraft:crafting_table":4,"minecraft:wooden_pickaxe":1,"minecraft:birch_boat":1,"minecraft:furnace":1,"minecraft:birch_planks":8,"minecraft:oak_boat":1,"minecraft:stick":20,"minecraft:stone_pickaxe":1,"minecraft:wooden_axe":1,"minecraft:stone_sword":1,"minecraft:white_bed":1,"minecraft:dark_oak_planks":8,"minecraft:torch":40},"minecraft:used":{"minecraft:stone_sword":59,"minecraft:stone_pickaxe":33,"minecraft:oak_planks":15,"minecraft:wooden_pickaxe":9,"minecraft:birch_boat":1,"minecraft:torch":8,"minecraft:mutton":4,"minecraft:crafting_table":5,"minecraft:white_bed":4,"minecraft:wooden_axe":9,"minecraft:apple":1,"minecraft:dark_oak_log":2,"minecraft:cobblestone":4,"minecraft:white_banner":1,"minecraft:porkchop":1,"minecraft:furnace":1,"minecraft:cooked_porkchop":5,"minecraft:andesite":1,"minecraft:oak_boat":1}},"DataVersion":3953}