{"stats":{"minecraft:killed":{"minecraft:pig":6,"minecraft:sheep":7,"minecraft:pillager":2,"minecraft:chicken":3},"minecraft:dropped":{"minecraft:stone_pickaxe":1},"minecraft:killed_by":{"minecraft:skeleton":1,"minecraft:creeper":1,"minecraft:zombie":5},"minecraft:mined":{"minecraft:white_bed":3,"minecraft:dark_oak_leaves":4,"minecraft:dark_oak_log":5,"minecraft:dandelion":3,"minecraft:crafting_table":2,"minecraft:short_grass":15,"minecraft:grass_block":1,"minecraft:poppy":2,"minecraft:cobblestone":2,"minecraft:wall_torch":1,"minecraft:birch_log":12,"minecraft:birch_leaves":9,"minecraft:andesite":1,"minecraft:white_wall_banner":1,"minecraft:oak_log":16,"minecraft:coal_ore":52,"minecraft:dirt":3,"minecraft:stone":31,"minecraft:oak_leaves":5},"minecraft:custom":{"minecraft:interact_with_furnace":9,"minecraft:mob_kills":18,"minecraft:interact_with_crafting_table":17,"minecraft:leave_game":11,"minecraft:time_since_death":15581,"minecraft:sleep_in_bed":3,"minecraft:time_since_rest":1124,"minecraft:sprint_one_cm":319142,"minecraft:damage_taken":2499,"minecraft:walk_one_cm":236325,"minecraft:drop":1,"minecraft:damage_dealt":1874,"minecraft:swim_one_cm":35899,"minecraft:fly_one_cm":181129,"minecraft:open_chest":1,"minecraft:crouch_one_cm":104,"minecraft:play_time":87204,"minecraft:deaths":8,"minecraft:sneak_time":46,"minecraft:walk_under_water_one_cm":3963,"minecraft:boat_one_cm":184336,"minecraft:jump":1301,"minecraft:walk_on_water_one_cm":21332,"minecraft:total_world_time":87204,"minecraft:fall_one_cm":45285},"minecraft:picked_up":{"minecraft:wooden_axe":3,"minecraft:birch_log":17,"minecraft:crafting_table":4,"minecraft:feather":12,"minecraft:ominous_bottle":3,"minecraft:chicken":14,"minecraft:andesite":4,"minecraft:wooden_pickaxe":4,"minecraft:birch_planks":2,"minecraft:oak_log":16,"minecraft:dirt":51,"minecraft:white_banner":4,"minecraft:apple":1,"minecraft:bow":1,"minecraft:wheat_seeds":5,"minecraft:stone_pickaxe":4,"minecraft:poppy":2,"minecraft:light_gray_wool":1,"minecraft:sugar_cane":8,"minecraft:birch_sapling":12,"minecraft:oak_planks":66,"minecraft:egg":1,"minecraft:stick":8,"minecraft:birch_boat":1,"minecraft:cooked_porkchop":6,"minecraft:torch":2,"minecraft:dandelion":3,"minecraft:porkchop":20,"minecraft:white_bed":5,"minecraft:dark_oak_log":12,"minecraft:dark_oak_planks":1,"minecraft:stone_sword":3,"minecraft:rotten_flesh":2,"minecraft:oak_sapling":12,"minecraft:mutton":23,"minecraft:coal":51,"minecraft:white_wool":15,"minecraft:cobblestone":49},"minecraft:crafted":{"minecraft:oak_planks":64,"minecraft:cooked_porkchop":7,"minecraft:crafting_table":5,"minecraft:wooden_pickaxe":1,"minecraft:birch_boat":1,"minecraft:furnace":2,"minecraft:birch_planks":8,"minecraft:stone_axe":1,"minecraft:cooked_mutton":1,"minecraft:oak_boat":1,"minecraft:stick":24,"minecraft:stone_pickaxe":1,"minecraft:wooden_axe":1,"minecraft:stone_sword":1,"minecraft:white_bed":2,"minecraft:dark_oak_planks":12,"minecraft:torch":40},"minecraft:used":{"minecraft:cooked_mutton":1,"minecraft:stone_sword":59,"minecraft:stone_pickaxe":87,"minecraft:oak_planks":15,"minecraft:wooden_pickaxe":9,"minecraft:birch_boat":1,"minecraft:torch":16,"minecraft:dirt":5,"minecraft:mutton":4,"minecraft:crafting_table":7,"minecraft:white_bed":5,"minecraft:wooden_axe":9,"minecraft:apple":1,"minecraft:dark_oak_log":2,"minecraft:stone_axe":6,"minecraft:cobblestone":4,"minecraft:white_banner":1,"minecraft:porkchop":1,"minecraft:furnace":2,"minecraft:cooked_porkchop":6,"minecraft:andesite":1,"minecraft:oak_boat":1}},"DataVersion":3953}