{"stats":{"minecraft:broken":{"minecraft:stone_pickaxe":1,"minecraft:leather_boots":1},"minecraft:crafted":{"minecraft:oak_planks":80,"minecraft:birch_boat":2,"minecraft:cooked_chicken":2,"minecraft:furnace":6,"minecraft:cooked_mutton":3,"minecraft:stone_pickaxe":2,"minecraft:dark_oak_planks":12,"minecraft:cooked_porkchop":15,"minecraft:crafting_table":11,"minecraft:wooden_pickaxe":2,"minecraft:iron_sword":1,"minecraft:birch_planks":60,"minecraft:stone_axe":2,"minecraft:oak_boat":1,"minecraft:diamond_pickaxe":1,"minecraft:stick":56,"minecraft:iron_ingot":10,"minecraft:iron_pickaxe":1,"minecraft:wooden_axe":1,"minecraft:stone_sword":2,"minecraft:white_bed":2,"minecraft:torch":132},"minecraft:picked_up":{"minecraft:wooden_axe":5,"minecraft:cocoa_beans":79,"minecraft:crafting_table":4,"minecraft:birch_door":12,"minecraft:clay_ball":4,"minecraft:ominous_bottle":4,"minecraft:chicken":18,"minecraft:ladder":2,"minecraft:flower_pot":1,"minecraft:wooden_pickaxe":8,"minecraft:amethyst_block":6,"minecraft:lapis_block":3,"minecraft:string":2,"minecraft:iron_axe":8,"minecraft:wooden_sword":1,"minecraft:flint_and_steel":1,"minecraft:blue_orchid":6,"minecraft:cobbled_deepslate":69,"minecraft:calcite":2,"minecraft:jungle_sapling":5,"minecraft:wooden_shovel":1,"minecraft:poppy":2,"minecraft:iron_pickaxe":7,"minecraft:light_gray_wool":5,"minecraft:melon_slice":203,"minecraft:sugar_cane":8,"minecraft:chest":70,"minecraft:birch_sapling":36,"minecraft:egg":1,"minecraft:furnace":6,"minecraft:stick":17,"minecraft:raw_iron":18,"minecraft:sandstone":14,"minecraft:torch":339,"minecraft:porkchop":32,"minecraft:diorite":16,"minecraft:dark_oak_planks":1,"minecraft:stone_sword":6,"minecraft:arrow":28,"minecraft:rotten_flesh":7,"minecraft:stone_shovel":5,"minecraft:vex_armor_trim_smithing_template":2,"minecraft:glow_berries":12,"minecraft:mutton":24,"minecraft:rail":14,"minecraft:white_wool":16,"minecraft:cobblestone":171,"minecraft:birch_log":30,"minecraft:feather":28,"minecraft:andesite":115,"minecraft:jungle_log":48,"minecraft:filled_map":1,"minecraft:birch_planks":319,"minecraft:tuff":3,"minecraft:oak_log":25,"minecraft:chainmail_chestplate":2,"minecraft:gunpowder":19,"minecraft:wooden_hoe":1,"minecraft:dirt":141,"minecraft:white_banner":4,"minecraft:leather_boots":6,"minecraft:red_carpet":15,"minecraft:bone":8,"minecraft:apple":1,"minecraft:bow":2,"minecraft:wheat_seeds":18,"minecraft:stone_pickaxe":9,"minecraft:cooked_chicken":2,"minecraft:moss_block":8,"minecraft:iron_sword":1,"minecraft:oak_planks":208,"minecraft:dark_oak_stairs":1,"minecraft:smooth_basalt":1,"minecraft:cooked_porkchop":16,"minecraft:birch_boat":3,"minecraft:pumpkin":48,"minecraft:dandelion":9,"minecraft:sand":2768,"minecraft:birch_chest_boat":1,"minecraft:birch_stairs":8,"minecraft:jungle_planks":44,"minecraft:white_bed":15,"minecraft:dark_oak_log":12,"minecraft:pumpkin_seeds":1,"minecraft:diamond":11,"minecraft:stone_axe":27,"minecraft:granite":2,"minecraft:emerald":8,"minecraft:oak_sapling":12,"minecraft:coal":804,"minecraft:diamond_pickaxe":1},"minecraft:killed_by":{"minecraft:zombie_villager":1,"minecraft:player":4,"minecraft:creeper":4,"minecraft:vindicator":5,"minecraft:skeleton":2,"minecraft:zombie":10},"minecraft:dropped":{"minecraft:iron_ingot":1,"minecraft:dark_oak_stairs":1,"minecraft:birch_planks":102,"minecraft:wheat_seeds":3,"minecraft:ominous_bottle":1,"minecraft:diamond":1,"minecraft:cobblestone":4,"minecraft:coal":66,"minecraft:red_carpet":4,"minecraft:diorite":16,"minecraft:wooden_hoe":1,"minecraft:melon_slice":1,"minecraft:jungle_sapling":5,"minecraft:iron_axe":1,"minecraft:sand":256,"minecraft:string":1,"minecraft:birch_stairs":8,"minecraft:lapis_block":1,"minecraft:stone_axe":2,"minecraft:cocoa_beans":16,"minecraft:tuff":1,"minecraft:birch_sapling":1,"minecraft:rotten_flesh":3,"minecraft:light_gray_wool":4,"minecraft:oak_planks":85,"minecraft:flint_and_steel":1,"minecraft:filled_map":1,"minecraft:flower_pot":1,"minecraft:gunpowder":1,"minecraft:diamond_pickaxe":1,"minecraft:andesite":37,"minecraft:ladder":2,"minecraft:wooden_shovel":1,"minecraft:blue_orchid":2,"minecraft:stone_pickaxe":1},"minecraft:mined":{"minecraft:attached_pumpkin_stem":1,"minecraft:tuff":3,"minecraft:red_carpet":24,"minecraft:white_bed":6,"minecraft:dark_oak_leaves":5,"minecraft:deepslate_diamond_ore":4,"minecraft:dark_oak_log":5,"minecraft:potted_blue_orchid":1,"minecraft:cave_vines_plant":8,"minecraft:grass_block":9,"minecraft:jungle_log":8,"minecraft:moss_block":4,"minecraft:tall_seagrass":1,"minecraft:furnace":1,"minecraft:cobbled_deepslate":1,"minecraft:andesite":1,"minecraft:pumpkin":16,"minecraft:dark_oak_stairs":2,"minecraft:vine":1,"minecraft:deepslate_iron_ore":17,"minecraft:cave_vines":18,"minecraft:rail":2,"minecraft:stone":96,"minecraft:green_wool":1,"minecraft:light_gray_carpet":1,"minecraft:glass_pane":7,"minecraft:brown_carpet":2,"minecraft:dandelion":3,"minecraft:clay":1,"minecraft:crafting_table":2,"minecraft:torch":2,"minecraft:short_grass":38,"minecraft:calcite":2,"minecraft:melon":10,"minecraft:poppy":2,"minecraft:cobblestone":3,"minecraft:tall_grass":11,"minecraft:oak_planks":1,"minecraft:diorite":8,"minecraft:wall_torch":4,"minecraft:amethyst_block":3,"minecraft:birch_sapling":1,"minecraft:gray_wool":1,"minecraft:birch_planks":17,"minecraft:cobblestone_wall":1,"minecraft:lapis_block":1,"minecraft:birch_log":23,"minecraft:white_carpet":7,"minecraft:birch_leaves":17,"minecraft:light_gray_wool":17,"minecraft:white_wall_banner":1,"minecraft:black_wool":2,"minecraft:oak_log":17,"minecraft:coal_ore":56,"minecraft:cocoa":4,"minecraft:sand":1,"minecraft:dirt":20,"minecraft:smooth_basalt":1,"minecraft:oak_leaves":11,"minecraft:deepslate":46,"minecraft:fern":5},"minecraft:used":{"minecraft:stone_sword":107,"minecraft:iron_sword":2,"minecraft:cooked_chicken":3,"minecraft:torch":59,"minecraft:dirt":41,"minecraft:mutton":4,"minecraft:jungle_planks":4,"minecraft:chainmail_chestplate":1,"minecraft:wooden_axe":9,"minecraft:birch_chest_boat":1,"minecraft:iron_axe":4,"minecraft:red_carpet":2,"minecraft:furnace":6,"minecraft:cobbled_deepslate":10,"minecraft:cooked_mutton":2,"minecraft:water_bucket":56,"minecraft:diorite":6,"minecraft:birch_planks":133,"minecraft:stone_pickaxe":175,"minecraft:oak_planks":25,"minecraft:wooden_pickaxe":17,"minecraft:birch_boat":4,"minecraft:leather_boots":1,"minecraft:glow_berries":8,"minecraft:sand":47,"minecraft:crafting_table":13,"minecraft:white_bed":8,"minecraft:pumpkin_seeds":1,"minecraft:oak_log":2,"minecraft:diamond_pickaxe":27,"minecraft:apple":1,"minecraft:dark_oak_log":2,"minecraft:iron_pickaxe":42,"minecraft:melon_slice":10,"minecraft:stone_axe":206,"minecraft:cobblestone":41,"minecraft:white_banner":2,"minecraft:cooked_porkchop":15,"minecraft:porkchop":2,"minecraft:andesite":1,"minecraft:oak_boat":1},"minecraft:killed":{"minecraft:vindicator":7,"minecraft:spider":1,"minecraft:skeleton":4,"minecraft:chicken":7,"minecraft:pig":10,"minecraft:sheep":8,"minecraft:pillager":2,"minecraft:zombie":4,"minecraft:cow":1},"minecraft:custom":{"minecraft:mob_kills":44,"minecraft:interact_with_crafting_table":36,"minecraft:leave_game":20,"minecraft:time_since_death":2453,"minecraft:climb_one_cm":5164,"minecraft:sprint_one_cm":944644,"minecraft:walk_one_cm":674277,"minecraft:drop":51,"minecraft:play_time":300699,"minecraft:deaths":29,"minecraft:sneak_time":603,"minecraft:walk_under_water_one_cm":70215,"minecraft:boat_one_cm":717662,"minecraft:jump":3731,"minecraft:walk_on_water_one_cm":53491,"minecraft:total_world_time":300699,"minecraft:interact_with_furnace":35,"minecraft:sleep_in_bed":6,"minecraft:time_since_rest":2500,"minecraft:damage_taken":10055,"minecraft:damage_dealt":6455,"minecraft:swim_one_cm":76601,"minecraft:player_kills":1,"minecraft:fly_one_cm":1717362,"minecraft:open_chest":27,"minecraft:crouch_one_cm":495,"minecraft:fall_one_cm":130363}},"DataVersion":3953}