{"stats":{"minecraft:broken":{"minecraft:stone_pickaxe":1},"minecraft:crafted":{"minecraft:oak_planks":80,"minecraft:cooked_porkchop":7,"minecraft:crafting_table":9,"minecraft:birch_boat":1,"minecraft:wooden_pickaxe":2,"minecraft:cooked_chicken":2,"minecraft:iron_sword":1,"minecraft:furnace":5,"minecraft:birch_planks":60,"minecraft:stone_axe":2,"minecraft:cooked_mutton":3,"minecraft:oak_boat":1,"minecraft:diamond_pickaxe":1,"minecraft:stick":40,"minecraft:iron_ingot":10,"minecraft:iron_pickaxe":1,"minecraft:stone_pickaxe":2,"minecraft:wooden_axe":1,"minecraft:stone_sword":2,"minecraft:white_bed":2,"minecraft:dark_oak_planks":12,"minecraft:torch":60},"minecraft:picked_up":{"minecraft:wooden_axe":5,"minecraft:birch_log":30,"minecraft:crafting_table":4,"minecraft:feather":28,"minecraft:ominous_bottle":3,"minecraft:chicken":18,"minecraft:clay_ball":4,"minecraft:andesite":4,"minecraft:wooden_pickaxe":8,"minecraft:birch_planks":93,"minecraft:tuff":1,"minecraft:oak_log":25,"minecraft:amethyst_block":6,"minecraft:dirt":55,"minecraft:white_banner":4,"minecraft:bone":4,"minecraft:apple":1,"minecraft:bow":2,"minecraft:wheat_seeds":6,"minecraft:cobbled_deepslate":69,"minecraft:stone_pickaxe":9,"minecraft:cooked_chicken":2,"minecraft:calcite":2,"minecraft:poppy":2,"minecraft:iron_pickaxe":1,"minecraft:light_gray_wool":1,"minecraft:moss_block":8,"minecraft:sugar_cane":8,"minecraft:birch_sapling":35,"minecraft:iron_sword":1,"minecraft:oak_planks":123,"minecraft:egg":1,"minecraft:stick":15,"minecraft:raw_iron":18,"minecraft:smooth_basalt":1,"minecraft:cooked_porkchop":6,"minecraft:birch_boat":2,"minecraft:torch":65,"minecraft:dandelion":9,"minecraft:porkchop":24,"minecraft:diorite":16,"minecraft:white_bed":7,"minecraft:dark_oak_log":12,"minecraft:dark_oak_planks":1,"minecraft:stone_sword":6,"minecraft:rotten_flesh":4,"minecraft:diamond":4,"minecraft:stone_axe":4,"minecraft:oak_sapling":12,"minecraft:glow_berries":12,"minecraft:mutton":23,"minecraft:coal":66,"minecraft:rail":14,"minecraft:white_wool":15,"minecraft:cobblestone":144},"minecraft:killed_by":{"minecraft:player":3,"minecraft:skeleton":2,"minecraft:creeper":3,"minecraft:zombie":8},"minecraft:mined":{"minecraft:tuff":3,"minecraft:white_bed":3,"minecraft:dark_oak_leaves":4,"minecraft:deepslate_diamond_ore":4,"minecraft:dark_oak_log":5,"minecraft:dandelion":3,"minecraft:clay":1,"minecraft:crafting_table":2,"minecraft:torch":1,"minecraft:cave_vines_plant":8,"minecraft:short_grass":17,"minecraft:grass_block":1,"minecraft:calcite":2,"minecraft:poppy":2,"minecraft:cobblestone":3,"minecraft:moss_block":4,"minecraft:oak_planks":1,"minecraft:diorite":8,"minecraft:wall_torch":3,"minecraft:amethyst_block":3,"minecraft:birch_planks":2,"minecraft:birch_log":23,"minecraft:cobbled_deepslate":1,"minecraft:birch_leaves":16,"minecraft:andesite":1,"minecraft:white_wall_banner":1,"minecraft:cave_vines":18,"minecraft:coal_ore":55,"minecraft:oak_log":17,"minecraft:deepslate_iron_ore":17,"minecraft:rail":2,"minecraft:dirt":5,"minecraft:smooth_basalt":1,"minecraft:stone":81,"minecraft:oak_leaves":5,"minecraft:deepslate":46},"minecraft:dropped":{"minecraft:iron_ingot":1,"minecraft:stone_pickaxe":1},"minecraft:used":{"minecraft:cooked_mutton":2,"minecraft:diorite":6,"minecraft:water_bucket":56,"minecraft:stone_sword":107,"minecraft:birch_planks":8,"minecraft:stone_pickaxe":175,"minecraft:oak_planks":25,"minecraft:wooden_pickaxe":17,"minecraft:birch_boat":2,"minecraft:iron_sword":2,"minecraft:cooked_chicken":3,"minecraft:torch":31,"minecraft:glow_berries":8,"minecraft:dirt":32,"minecraft:mutton":4,"minecraft:crafting_table":11,"minecraft:white_bed":5,"minecraft:oak_log":2,"minecraft:wooden_axe":9,"minecraft:diamond_pickaxe":27,"minecraft:apple":1,"minecraft:dark_oak_log":2,"minecraft:iron_pickaxe":20,"minecraft:stone_axe":28,"minecraft:cobblestone":38,"minecraft:white_banner":2,"minecraft:cooked_porkchop":7,"minecraft:furnace":5,"minecraft:porkchop":2,"minecraft:andesite":1,"minecraft:oak_boat":1,"minecraft:cobbled_deepslate":10},"minecraft:killed":{"minecraft:pig":7,"minecraft:skeleton":1,"minecraft:sheep":7,"minecraft:pillager":2,"minecraft:zombie":1,"minecraft:chicken":7},"minecraft:custom":{"minecraft:interact_with_furnace":30,"minecraft:mob_kills":25,"minecraft:interact_with_crafting_table":32,"minecraft:leave_game":14,"minecraft:sleep_in_bed":4,"minecraft:time_since_death":43453,"minecraft:climb_one_cm":1363,"minecraft:time_since_rest":18957,"minecraft:sprint_one_cm":658147,"minecraft:damage_taken":5865,"minecraft:walk_one_cm":440196,"minecraft:drop":2,"minecraft:damage_dealt":2994,"minecraft:swim_one_cm":47494,"minecraft:fly_one_cm":848823,"minecraft:open_chest":10,"minecraft:crouch_one_cm":386,"minecraft:play_time":197787,"minecraft:deaths":18,"minecraft:sneak_time":515,"minecraft:walk_under_water_one_cm":42628,"minecraft:boat_one_cm":252901,"minecraft:jump":2633,"minecraft:walk_on_water_one_cm":34482,"minecraft:total_world_time":197787,"minecraft:fall_one_cm":89658}},"DataVersion":3953}