{"stats":{"minecraft:picked_up":{"minecraft:spider_eye":1,"minecraft:wheat_seeds":2},"minecraft:dropped":{"minecraft:spider_eye":1,"minecraft:wheat_seeds":2},"minecraft:mined":{"minecraft:short_grass":5,"minecraft:fern":5},"minecraft:custom":{"minecraft:jump":103,"minecraft:time_since_rest":4767,"minecraft:damage_dealt":46,"minecraft:crouch_one_cm":1645,"minecraft:walk_on_water_one_cm":3637,"minecraft:sprint_one_cm":20169,"minecraft:play_time":4767,"minecraft:damage_taken":170,"minecraft:time_since_death":4767,"minecraft:walk_one_cm":8909,"minecraft:sneak_time":524,"minecraft:climb_one_cm":3798,"minecraft:total_world_time":4767,"minecraft:walk_under_water_one_cm":10,"minecraft:boat_one_cm":9196,"minecraft:drop":3,"minecraft:fall_one_cm":3658,"minecraft:fly_one_cm":15216}},"DataVersion":3953}