{"stats":{"minecraft:dropped":{"minecraft:spider_eye":1,"minecraft:wheat_seeds":2},"minecraft:custom":{"minecraft:time_since_rest":3466,"minecraft:crouch_one_cm":12214,"minecraft:play_time":23982,"minecraft:sprint_one_cm":91382,"minecraft:damage_taken":1693,"minecraft:walk_one_cm":52952,"minecraft:deaths":6,"minecraft:sneak_time":1617,"minecraft:walk_under_water_one_cm":3643,"minecraft:mob_kills":1,"minecraft:drop":3,"minecraft:boat_one_cm":56672,"minecraft:jump":228,"minecraft:damage_dealt":933,"minecraft:leave_game":8,"minecraft:walk_on_water_one_cm":5662,"minecraft:time_since_death":3441,"minecraft:total_world_time":23982,"minecraft:climb_one_cm":3798,"minecraft:swim_one_cm":12963,"minecraft:fall_one_cm":15770,"minecraft:fly_one_cm":36117,"minecraft:player_kills":4},"minecraft:mined":{"minecraft:short_grass":7,"minecraft:dark_oak_leaves":4,"minecraft:kelp_plant":1,"minecraft:kelp":3,"minecraft:fern":5},"minecraft:picked_up":{"minecraft:kelp":2,"minecraft:wheat_seeds":2,"minecraft:spider_eye":1},"minecraft:killed_by":{"minecraft:skeleton":1,"minecraft:creeper":1,"minecraft:player":2},"minecraft:killed":{"minecraft:spider":1}},"DataVersion":3953}