{"stats":{"minecraft:custom":{"minecraft:jump":45,"minecraft:time_since_rest":1563,"minecraft:deaths":2,"minecraft:damage_taken":965,"minecraft:leave_game":2,"minecraft:sprint_one_cm":7727,"minecraft:play_time":14340,"minecraft:time_since_death":1519,"minecraft:walk_on_water_one_cm":7905,"minecraft:walk_one_cm":6881,"minecraft:total_world_time":14340,"minecraft:walk_under_water_one_cm":12066,"minecraft:fall_one_cm":9590,"minecraft:fly_one_cm":159841,"minecraft:aviate_one_cm":1206859},"minecraft:picked_up":{"minecraft:firework_rocket":263,"minecraft:elytra":2},"minecraft:used":{"minecraft:elytra":8,"minecraft:firework_rocket":237}},"DataVersion":3953}