{"stats":{"minecraft:custom":{"minecraft:time_since_rest":37038,"minecraft:crouch_one_cm":1049,"minecraft:play_time":37038,"minecraft:sprint_one_cm":3693,"minecraft:inspect_dropper":34,"minecraft:walk_one_cm":34577,"minecraft:sneak_time":281,"minecraft:walk_under_water_one_cm":9683,"minecraft:drop":8,"minecraft:jump":102,"minecraft:leave_game":5,"minecraft:walk_on_water_one_cm":4705,"minecraft:time_since_death":37038,"minecraft:total_world_time":37038,"minecraft:fly_one_cm":271312},"minecraft:dropped":{"minecraft:cactus":1,"minecraft:armor_stand":7},"minecraft:picked_up":{"minecraft:armor_stand":1643,"minecraft:redstone":9,"minecraft:dirt":16,"minecraft:cobblestone":28},"minecraft:used":{"minecraft:water_bucket":11,"minecraft:lever":2,"minecraft:repeater":7,"minecraft:soul_sand":8,"minecraft:sand":1,"minecraft:dropper":23,"minecraft:tnt":230,"minecraft:redstone":24,"minecraft:cactus":1,"minecraft:sandstone":14,"minecraft:redstone_block":8}},"DataVersion":3953}