{"stats":{"minecraft:custom":{"minecraft:interact_with_furnace":12,"minecraft:mob_kills":4,"minecraft:interact_with_crafting_table":13,"minecraft:leave_game":10,"minecraft:time_since_death":10212,"minecraft:sleep_in_bed":1,"minecraft:climb_one_cm":11516,"minecraft:time_since_rest":10244,"minecraft:sprint_one_cm":165337,"minecraft:damage_taken":1537,"minecraft:walk_one_cm":176044,"minecraft:damage_dealt":760,"minecraft:swim_one_cm":107264,"minecraft:fly_one_cm":121657,"minecraft:open_chest":30,"minecraft:crouch_one_cm":567,"minecraft:play_time":71102,"minecraft:deaths":5,"minecraft:sneak_time":457,"minecraft:walk_under_water_one_cm":17817,"minecraft:boat_one_cm":66297,"minecraft:jump":752,"minecraft:walk_on_water_one_cm":6781,"minecraft:total_world_time":71102,"minecraft:fall_one_cm":21270},"minecraft:mined":{"minecraft:dark_oak_leaves":2,"minecraft:dark_oak_log":3,"minecraft:crafting_table":4,"minecraft:torch":1,"minecraft:short_grass":16,"minecraft:grass_block":2,"minecraft:brown_mushroom_block":1,"minecraft:cobblestone":3,"minecraft:sugar_cane":3,"minecraft:oak_planks":3,"minecraft:carrots":1,"minecraft:birch_log":7,"minecraft:wheat":3,"minecraft:birch_leaves":1,"minecraft:deepslate_lapis_ore":5,"minecraft:oak_log":5,"minecraft:coal_ore":19,"minecraft:sand":1,"minecraft:stone":18,"minecraft:oak_leaves":3,"minecraft:deepslate":17},"minecraft:picked_up":{"minecraft:birch_log":7,"minecraft:crafting_table":5,"minecraft:wheat":3,"minecraft:feather":1,"minecraft:chicken":1,"minecraft:ladder":3,"minecraft:wooden_pickaxe":1,"minecraft:oak_log":5,"minecraft:lapis_lazuli":58,"minecraft:dirt":28,"minecraft:bone":2,"minecraft:wheat_seeds":9,"minecraft:cobbled_deepslate":19,"minecraft:stone_pickaxe":1,"minecraft:sugar_cane":18,"minecraft:oak_planks":5,"minecraft:torch":5,"minecraft:sand":2,"minecraft:carrot":6,"minecraft:dark_oak_log":3,"minecraft:rotten_flesh":1,"minecraft:stone_axe":2,"minecraft:mutton":2,"minecraft:coal":36,"minecraft:white_wool":1,"minecraft:cobblestone":28},"minecraft:killed_by":{"minecraft:skeleton":1,"minecraft:creeper":1,"minecraft:zombie":1,"minecraft:enderman":1},"minecraft:used":{"minecraft:wheat_seeds":8,"minecraft:stone_pickaxe":51,"minecraft:oak_planks":1,"minecraft:ladder":3,"minecraft:wooden_pickaxe":11,"minecraft:rotten_flesh":5,"minecraft:torch":8,"minecraft:dirt":1,"minecraft:crafting_table":4,"minecraft:carrot":3,"minecraft:wooden_axe":2,"minecraft:bread":1,"minecraft:stone_axe":13,"minecraft:wooden_sword":8,"minecraft:cobblestone":3,"minecraft:dark_oak_boat":1},"minecraft:killed":{"minecraft:sheep":1,"minecraft:skeleton":2,"minecraft:chicken":1},"minecraft:crafted":{"minecraft:wooden_sword":1,"minecraft:oak_planks":20,"minecraft:dark_oak_boat":1,"minecraft:crafting_table":1,"minecraft:wooden_pickaxe":2,"minecraft:birch_planks":4,"minecraft:stone_axe":2,"minecraft:bread":1,"minecraft:stick":20,"minecraft:stone_pickaxe":1,"minecraft:wooden_axe":1,"minecraft:dark_oak_planks":12,"minecraft:torch":8}},"DataVersion":3953}