{"stats":{"minecraft:custom":{"minecraft:time_since_rest":1894,"minecraft:sprint_one_cm":66847,"minecraft:damage_taken":987,"minecraft:walk_one_cm":28803,"minecraft:mob_kills":2,"minecraft:damage_dealt":446,"minecraft:interact_with_crafting_table":5,"minecraft:swim_one_cm":85117,"minecraft:fly_one_cm":59057,"minecraft:play_time":34376,"minecraft:deaths":4,"minecraft:walk_under_water_one_cm":3226,"minecraft:jump":292,"minecraft:leave_game":9,"minecraft:time_since_death":1775,"minecraft:walk_on_water_one_cm":3670,"minecraft:total_world_time":34376,"minecraft:fall_one_cm":11143},"minecraft:mined":{"minecraft:dark_oak_leaves":2,"minecraft:birch_leaves":1,"minecraft:crafting_table":2,"minecraft:short_grass":11,"minecraft:grass_block":1,"minecraft:oak_log":5,"minecraft:brown_mushroom_block":1,"minecraft:stone":5,"minecraft:oak_leaves":3},"minecraft:picked_up":{"minecraft:crafting_table":2,"minecraft:feather":1,"minecraft:chicken":1,"minecraft:oak_log":5,"minecraft:dirt":1,"minecraft:wheat_seeds":1,"minecraft:mutton":2,"minecraft:white_wool":1,"minecraft:cobblestone":5},"minecraft:killed_by":{"minecraft:creeper":1,"minecraft:zombie":1,"minecraft:enderman":1},"minecraft:used":{"minecraft:wooden_axe":2,"minecraft:wooden_pickaxe":5,"minecraft:wooden_sword":8,"minecraft:crafting_table":1},"minecraft:crafted":{"minecraft:wooden_sword":1,"minecraft:oak_planks":20,"minecraft:stick":12,"minecraft:wooden_pickaxe":1,"minecraft:wooden_axe":1},"minecraft:killed":{"minecraft:sheep":1,"minecraft:chicken":1}},"DataVersion":3953}