{"stats":{"minecraft:custom":{"minecraft:time_since_rest":6177,"minecraft:deaths":2,"minecraft:play_time":22498,"minecraft:sprint_one_cm":30508,"minecraft:damage_taken":512,"minecraft:walk_one_cm":15133,"minecraft:walk_under_water_one_cm":1227,"minecraft:jump":147,"minecraft:damage_dealt":10,"minecraft:leave_game":9,"minecraft:walk_on_water_one_cm":1598,"minecraft:time_since_death":6080,"minecraft:total_world_time":22498,"minecraft:fall_one_cm":6901,"minecraft:swim_one_cm":7429,"minecraft:interact_with_crafting_table":1,"minecraft:fly_one_cm":29504},"minecraft:mined":{"minecraft:short_grass":2,"minecraft:oak_log":5,"minecraft:brown_mushroom_block":1,"minecraft:birch_leaves":1,"minecraft:oak_leaves":3,"minecraft:crafting_table":1},"minecraft:picked_up":{"minecraft:crafting_table":1,"minecraft:oak_log":5},"minecraft:killed_by":{"minecraft:creeper":1}},"DataVersion":3953}