{"stats":{"minecraft:custom":{"minecraft:time_since_rest":25894,"minecraft:interact_with_furnace":10,"minecraft:sprint_one_cm":113985,"minecraft:damage_taken":1217,"minecraft:walk_one_cm":128026,"minecraft:mob_kills":2,"minecraft:damage_dealt":460,"minecraft:interact_with_crafting_table":12,"minecraft:swim_one_cm":87678,"minecraft:fly_one_cm":91992,"minecraft:open_chest":24,"minecraft:crouch_one_cm":220,"minecraft:play_time":58376,"minecraft:deaths":4,"minecraft:sneak_time":82,"minecraft:walk_under_water_one_cm":3396,"minecraft:boat_one_cm":66297,"minecraft:jump":536,"minecraft:leave_game":9,"minecraft:time_since_death":25775,"minecraft:walk_on_water_one_cm":5233,"minecraft:climb_one_cm":6625,"minecraft:total_world_time":58376,"minecraft:fall_one_cm":17293},"minecraft:mined":{"minecraft:dark_oak_leaves":2,"minecraft:birch_log":1,"minecraft:wheat":3,"minecraft:dark_oak_log":3,"minecraft:birch_leaves":1,"minecraft:torch":1,"minecraft:deepslate_lapis_ore":5,"minecraft:crafting_table":4,"minecraft:short_grass":16,"minecraft:coal_ore":19,"minecraft:grass_block":2,"minecraft:oak_log":5,"minecraft:sand":1,"minecraft:brown_mushroom_block":1,"minecraft:cobblestone":3,"minecraft:stone":18,"minecraft:oak_planks":3,"minecraft:sugar_cane":3,"minecraft:deepslate":2,"minecraft:oak_leaves":3},"minecraft:picked_up":{"minecraft:birch_log":1,"minecraft:wheat":3,"minecraft:crafting_table":4,"minecraft:feather":1,"minecraft:chicken":1,"minecraft:ladder":3,"minecraft:torch":1,"minecraft:sand":1,"minecraft:oak_log":5,"minecraft:lapis_lazuli":29,"minecraft:dark_oak_log":3,"minecraft:dirt":2,"minecraft:wheat_seeds":9,"minecraft:cobbled_deepslate":2,"minecraft:coal":19,"minecraft:sugar_cane":9,"minecraft:mutton":2,"minecraft:oak_planks":3,"minecraft:white_wool":1,"minecraft:cobblestone":21},"minecraft:killed_by":{"minecraft:creeper":1,"minecraft:zombie":1,"minecraft:enderman":1},"minecraft:used":{"minecraft:wheat_seeds":8,"minecraft:wooden_axe":2,"minecraft:ladder":3,"minecraft:bread":1,"minecraft:stone_pickaxe":36,"minecraft:oak_planks":1,"minecraft:wooden_pickaxe":11,"minecraft:rotten_flesh":4,"minecraft:torch":5,"minecraft:stone_axe":3,"minecraft:wooden_sword":8,"minecraft:cobblestone":3,"minecraft:dark_oak_boat":1,"minecraft:crafting_table":3},"minecraft:crafted":{"minecraft:wooden_sword":1,"minecraft:oak_planks":20,"minecraft:dark_oak_boat":1,"minecraft:crafting_table":1,"minecraft:stick":20,"minecraft:wooden_pickaxe":2,"minecraft:stone_pickaxe":1,"minecraft:wooden_axe":1,"minecraft:torch":8,"minecraft:dark_oak_planks":12,"minecraft:birch_planks":4,"minecraft:stone_axe":2,"minecraft:bread":1},"minecraft:killed":{"minecraft:sheep":1,"minecraft:chicken":1}},"DataVersion":3953}