{"stats":{"minecraft:custom":{"minecraft:time_since_rest":13894,"minecraft:interact_with_furnace":4,"minecraft:sprint_one_cm":97814,"minecraft:damage_taken":1147,"minecraft:walk_one_cm":73742,"minecraft:mob_kills":2,"minecraft:damage_dealt":460,"minecraft:interact_with_crafting_table":9,"minecraft:swim_one_cm":87678,"minecraft:fly_one_cm":83959,"minecraft:open_chest":16,"minecraft:crouch_one_cm":220,"minecraft:play_time":46376,"minecraft:deaths":4,"minecraft:sneak_time":69,"minecraft:walk_under_water_one_cm":3396,"minecraft:boat_one_cm":66297,"minecraft:jump":432,"minecraft:leave_game":9,"minecraft:time_since_death":13775,"minecraft:walk_on_water_one_cm":5233,"minecraft:climb_one_cm":464,"minecraft:total_world_time":46376,"minecraft:fall_one_cm":14967},"minecraft:mined":{"minecraft:dark_oak_leaves":2,"minecraft:birch_log":1,"minecraft:dark_oak_log":3,"minecraft:birch_leaves":1,"minecraft:crafting_table":3,"minecraft:short_grass":12,"minecraft:grass_block":1,"minecraft:oak_log":5,"minecraft:brown_mushroom_block":1,"minecraft:cobblestone":3,"minecraft:stone":8,"minecraft:oak_planks":1,"minecraft:sugar_cane":3,"minecraft:oak_leaves":3},"minecraft:picked_up":{"minecraft:birch_log":1,"minecraft:crafting_table":3,"minecraft:feather":1,"minecraft:chicken":1,"minecraft:oak_log":5,"minecraft:dark_oak_log":3,"minecraft:dirt":1,"minecraft:wheat_seeds":1,"minecraft:sugar_cane":9,"minecraft:mutton":2,"minecraft:oak_planks":1,"minecraft:white_wool":1,"minecraft:cobblestone":11},"minecraft:killed_by":{"minecraft:creeper":1,"minecraft:zombie":1,"minecraft:enderman":1},"minecraft:used":{"minecraft:wooden_axe":2,"minecraft:wooden_pickaxe":11,"minecraft:wooden_sword":8,"minecraft:dark_oak_boat":1,"minecraft:crafting_table":3},"minecraft:crafted":{"minecraft:wooden_sword":1,"minecraft:oak_planks":20,"minecraft:dark_oak_boat":1,"minecraft:crafting_table":1,"minecraft:stick":16,"minecraft:wooden_pickaxe":2,"minecraft:wooden_axe":1,"minecraft:dark_oak_planks":12,"minecraft:birch_planks":4},"minecraft:killed":{"minecraft:sheep":1,"minecraft:chicken":1}},"DataVersion":3953}