{"stats":{"minecraft:killed":{"minecraft:pig":4,"minecraft:creeper":1,"minecraft:sheep":5,"minecraft:skeleton":1,"minecraft:zombie":1,"minecraft:cow":3},"minecraft:dropped":{"minecraft:bow":1,"minecraft:birch_boat":1,"minecraft:stone_pickaxe":1,"minecraft:wooden_pickaxe":1,"minecraft:white_wool":4,"minecraft:egg":1},"minecraft:killed_by":{"minecraft:skeleton":1,"minecraft:zombie":1},"minecraft:mined":{"minecraft:white_bed":6,"minecraft:crafting_table":3,"minecraft:torch":8,"minecraft:short_grass":5,"minecraft:grass_block":8,"minecraft:chest":2,"minecraft:cobblestone":10,"minecraft:sugar_cane":7,"minecraft:diorite":3,"minecraft:wall_torch":6,"minecraft:birch_planks":4,"minecraft:furnace":3,"minecraft:birch_log":23,"minecraft:iron_ore":7,"minecraft:andesite":7,"minecraft:birch_leaves":5,"minecraft:cobblestone_slab":5,"minecraft:oak_log":6,"minecraft:coal_ore":31,"minecraft:gravel":1,"minecraft:dirt":46,"minecraft:stone":182,"minecraft:oak_leaves":3},"minecraft:custom":{"minecraft:interact_with_furnace":23,"minecraft:mob_kills":18,"minecraft:interact_with_crafting_table":23,"minecraft:time_since_death":19297,"minecraft:sleep_in_bed":13,"minecraft:time_since_rest":1124,"minecraft:sprint_one_cm":286487,"minecraft:damage_taken":1317,"minecraft:walk_one_cm":143496,"minecraft:drop":7,"minecraft:damage_dealt":2104,"minecraft:swim_one_cm":20754,"minecraft:fly_one_cm":267567,"minecraft:open_chest":11,"minecraft:crouch_one_cm":132,"minecraft:play_time":84117,"minecraft:deaths":3,"minecraft:sneak_time":641,"minecraft:walk_under_water_one_cm":1159,"minecraft:boat_one_cm":6232,"minecraft:jump":1791,"minecraft:walk_on_water_one_cm":16757,"minecraft:total_world_time":84117,"minecraft:fall_one_cm":44736},"minecraft:picked_up":{"minecraft:wooden_axe":2,"minecraft:birch_log":30,"minecraft:birch_door":4,"minecraft:crafting_table":5,"minecraft:ominous_bottle":1,"minecraft:andesite":7,"minecraft:leather":10,"minecraft:wooden_pickaxe":2,"minecraft:filled_map":2,"minecraft:birch_planks":18,"minecraft:flint":1,"minecraft:oak_log":6,"minecraft:gunpowder":1,"minecraft:paper":28,"minecraft:dirt":97,"minecraft:white_banner":1,"minecraft:wooden_sword":2,"minecraft:flint_and_steel":2,"minecraft:leather_boots":1,"minecraft:bow":3,"minecraft:wheat_seeds":5,"minecraft:beef":14,"minecraft:stone_pickaxe":4,"minecraft:iron_ingot":4,"minecraft:cobblestone_slab":5,"minecraft:iron_pickaxe":1,"minecraft:sugar_cane":20,"minecraft:chest":4,"minecraft:birch_sapling":7,"minecraft:iron_sword":1,"minecraft:furnace":5,"minecraft:egg":3,"minecraft:stick":8,"minecraft:raw_iron":7,"minecraft:birch_boat":2,"minecraft:torch":28,"minecraft:porkchop":15,"minecraft:diorite":3,"minecraft:white_bed":8,"minecraft:carrot":6,"minecraft:rotten_flesh":5,"minecraft:arrow":1,"minecraft:stone_axe":2,"minecraft:mutton":12,"minecraft:coal":73,"minecraft:white_wool":7,"minecraft:cobblestone":217},"minecraft:crafted":{"minecraft:wooden_sword":1,"minecraft:oak_planks":24,"minecraft:cobblestone_slab":6,"minecraft:crafting_table":2,"minecraft:birch_boat":1,"minecraft:wooden_pickaxe":1,"minecraft:iron_sword":1,"minecraft:furnace":2,"minecraft:birch_planks":92,"minecraft:stone_axe":1,"minecraft:cooked_mutton":3,"minecraft:air":0,"minecraft:flint_and_steel":1,"minecraft:stick":20,"minecraft:iron_ingot":5,"minecraft:iron_pickaxe":1,"minecraft:stone_pickaxe":2,"minecraft:wooden_axe":2,"minecraft:chest":2,"minecraft:white_bed":1,"minecraft:birch_door":6,"minecraft:torch":12},"minecraft:broken":{"minecraft:wooden_axe":1},"minecraft:used":{"minecraft:cooked_mutton":3,"minecraft:birch_planks":33,"minecraft:stone_pickaxe":70,"minecraft:birch_boat":1,"minecraft:chest":4,"minecraft:wooden_pickaxe":11,"minecraft:iron_sword":57,"minecraft:cobblestone_slab":11,"minecraft:leather_boots":1,"minecraft:torch":25,"minecraft:dirt":41,"minecraft:mutton":12,"minecraft:crafting_table":4,"minecraft:carrot":6,"minecraft:white_bed":8,"minecraft:birch_door":4,"minecraft:wooden_axe":46,"minecraft:iron_pickaxe":174,"minecraft:stone_axe":4,"minecraft:wooden_sword":2,"minecraft:cobblestone":79,"minecraft:bow":1,"minecraft:furnace":5,"minecraft:porkchop":9,"minecraft:potato":5}},"DataVersion":3953}