{"stats":{"minecraft:killed":{"minecraft:pig":4,"minecraft:sheep":5,"minecraft:skeleton":1,"minecraft:zombie":1},"minecraft:dropped":{"minecraft:white_wool":4},"minecraft:killed_by":{"minecraft:skeleton":1},"minecraft:mined":{"minecraft:white_bed":2,"minecraft:crafting_table":3,"minecraft:torch":1,"minecraft:short_grass":3,"minecraft:grass_block":6,"minecraft:cobblestone":2,"minecraft:sugar_cane":6,"minecraft:wall_torch":1,"minecraft:birch_planks":4,"minecraft:furnace":1,"minecraft:birch_log":23,"minecraft:iron_ore":7,"minecraft:birch_leaves":1,"minecraft:oak_log":6,"minecraft:coal_ore":20,"minecraft:dirt":39,"minecraft:stone":48,"minecraft:oak_leaves":3},"minecraft:custom":{"minecraft:interact_with_furnace":12,"minecraft:mob_kills":13,"minecraft:interact_with_crafting_table":18,"minecraft:time_since_death":41332,"minecraft:sleep_in_bed":4,"minecraft:time_since_rest":11679,"minecraft:sprint_one_cm":139156,"minecraft:damage_taken":663,"minecraft:walk_one_cm":66713,"minecraft:drop":2,"minecraft:damage_dealt":1198,"minecraft:swim_one_cm":19412,"minecraft:fly_one_cm":145190,"minecraft:open_chest":6,"minecraft:crouch_one_cm":80,"minecraft:play_time":48117,"minecraft:deaths":2,"minecraft:sneak_time":557,"minecraft:walk_under_water_one_cm":788,"minecraft:jump":914,"minecraft:walk_on_water_one_cm":11779,"minecraft:total_world_time":48117,"minecraft:fall_one_cm":23323},"minecraft:picked_up":{"minecraft:birch_log":23,"minecraft:crafting_table":3,"minecraft:birch_planks":4,"minecraft:oak_log":6,"minecraft:dirt":45,"minecraft:bow":1,"minecraft:iron_ingot":2,"minecraft:sugar_cane":12,"minecraft:birch_sapling":2,"minecraft:furnace":1,"minecraft:egg":1,"minecraft:raw_iron":7,"minecraft:torch":2,"minecraft:porkchop":9,"minecraft:white_bed":2,"minecraft:rotten_flesh":2,"minecraft:arrow":1,"minecraft:mutton":12,"minecraft:coal":21,"minecraft:white_wool":7,"minecraft:cobblestone":49},"minecraft:crafted":{"minecraft:wooden_sword":1,"minecraft:oak_planks":24,"minecraft:crafting_table":2,"minecraft:wooden_pickaxe":1,"minecraft:iron_sword":1,"minecraft:furnace":2,"minecraft:birch_planks":92,"minecraft:stone_axe":1,"minecraft:air":0,"minecraft:stick":20,"minecraft:iron_ingot":5,"minecraft:iron_pickaxe":1,"minecraft:stone_pickaxe":2,"minecraft:wooden_axe":2,"minecraft:chest":2,"minecraft:white_bed":1,"minecraft:birch_door":3,"minecraft:torch":12},"minecraft:broken":{"minecraft:wooden_axe":1},"minecraft:used":{"minecraft:birch_planks":33,"minecraft:stone_pickaxe":46,"minecraft:chest":2,"minecraft:wooden_pickaxe":11,"minecraft:iron_sword":28,"minecraft:leather_boots":1,"minecraft:torch":10,"minecraft:dirt":7,"minecraft:mutton":7,"minecraft:crafting_table":4,"minecraft:carrot":1,"minecraft:white_bed":3,"minecraft:birch_door":1,"minecraft:wooden_axe":46,"minecraft:iron_pickaxe":23,"minecraft:wooden_sword":2,"minecraft:cobblestone":14,"minecraft:bow":1,"minecraft:furnace":2,"minecraft:porkchop":6,"minecraft:potato":5}},"DataVersion":3953}