{"stats":{"minecraft:broken":{"minecraft:wooden_axe":1},"minecraft:custom":{"minecraft:mob_kills":30,"minecraft:interact_with_crafting_table":60,"minecraft:leave_game":7,"minecraft:time_since_death":38020,"minecraft:climb_one_cm":7600,"minecraft:sprint_one_cm":749847,"minecraft:walk_one_cm":1102131,"minecraft:damage_blocked_by_shield":35,"minecraft:drop":80,"minecraft:play_time":364843,"minecraft:deaths":14,"minecraft:sneak_time":9365,"minecraft:walk_under_water_one_cm":13372,"minecraft:boat_one_cm":786878,"minecraft:jump":5374,"minecraft:walk_on_water_one_cm":51360,"minecraft:total_world_time":364843,"minecraft:interact_with_furnace":148,"minecraft:sleep_in_bed":24,"minecraft:time_since_rest":38045,"minecraft:damage_taken":4599,"minecraft:damage_dealt":4728,"minecraft:swim_one_cm":60251,"minecraft:fly_one_cm":751910,"minecraft:player_kills":4,"minecraft:open_chest":155,"minecraft:crouch_one_cm":38876,"minecraft:fall_one_cm":153809},"minecraft:dropped":{"minecraft:birch_planks":9,"minecraft:porkchop":1,"minecraft:wheat_seeds":2,"minecraft:golden_helmet":1,"minecraft:diamond":1,"minecraft:cobblestone":18,"minecraft:granite":2,"minecraft:jungle_planks":8,"minecraft:coal":204,"minecraft:stick":1,"minecraft:wooden_sword":2,"minecraft:sand":968,"minecraft:glistering_melon_slice":20,"minecraft:iron_pickaxe":2,"minecraft:birch_stairs":16,"minecraft:birch_log":256,"minecraft:white_wool":4,"minecraft:bone":2,"minecraft:stone_axe":6,"minecraft:cooked_chicken":1,"minecraft:stone_sword":1,"minecraft:cocoa_beans":12,"minecraft:tuff":1,"minecraft:stone_shovel":1,"minecraft:obsidian":2,"minecraft:rotten_flesh":6,"minecraft:wooden_shovel":3,"minecraft:golden_leggings":1,"minecraft:oak_boat":1,"minecraft:birch_boat":1,"minecraft:wooden_pickaxe":2,"minecraft:bow":1,"minecraft:stone_pickaxe":2,"minecraft:egg":2},"minecraft:mined":{"minecraft:tuff":1,"minecraft:white_bed":14,"minecraft:deepslate_diamond_ore":6,"minecraft:cobbled_deepslate_stairs":15,"minecraft:oak_door":1,"minecraft:cobblestone_stairs":47,"minecraft:stripped_birch_log":1,"minecraft:granite":2,"minecraft:ladder":8,"minecraft:grass_block":31,"minecraft:spruce_fence":1,"minecraft:jungle_log":2,"minecraft:sandstone":14,"minecraft:furnace":7,"minecraft:iron_ore":7,"minecraft:andesite":37,"minecraft:deepslate_lapis_ore":4,"minecraft:gold_block":1,"minecraft:deepslate_iron_ore":21,"minecraft:cobblestone_slab":5,"minecraft:white_banner":2,"minecraft:stone":340,"minecraft:birch_pressure_plate":13,"minecraft:birch_stairs":9,"minecraft:crafting_table":6,"minecraft:torch":17,"minecraft:short_grass":21,"minecraft:chest":39,"minecraft:cobblestone":25,"minecraft:tall_grass":5,"minecraft:glass":21,"minecraft:copper_ore":2,"minecraft:sugar_cane":24,"minecraft:oak_planks":27,"minecraft:diorite":21,"minecraft:wall_torch":38,"minecraft:birch_planks":477,"minecraft:birch_log":331,"minecraft:birch_leaves":21,"minecraft:birch_door":2,"minecraft:coal_ore":33,"minecraft:oak_log":6,"minecraft:cocoa":4,"minecraft:gravel":2,"minecraft:sand":16,"minecraft:dirt":54,"minecraft:mossy_stone_bricks":1,"minecraft:oak_leaves":3,"minecraft:deepslate":31,"minecraft:fern":4},"minecraft:picked_up":{"minecraft:wooden_axe":3,"minecraft:cocoa_beans":30,"minecraft:crafting_table":9,"minecraft:birch_door":10,"minecraft:ominous_bottle":3,"minecraft:chicken":8,"minecraft:ladder":25,"minecraft:wooden_pickaxe":6,"minecraft:gold_block":1,"minecraft:amethyst_block":3,"minecraft:string":5,"minecraft:raw_copper":8,"minecraft:iron_axe":3,"minecraft:wooden_sword":6,"minecraft:flint_and_steel":4,"minecraft:cobbled_deepslate":30,"minecraft:beef":24,"minecraft:oak_boat":2,"minecraft:cobblestone_slab":5,"minecraft:calcite":2,"minecraft:wooden_shovel":13,"minecraft:poppy":4,"minecraft:iron_pickaxe":12,"minecraft:sugar_cane":76,"minecraft:chest":55,"minecraft:birch_sapling":45,"minecraft:egg":4,"minecraft:furnace":9,"minecraft:stick":56,"minecraft:raw_iron":28,"minecraft:sandstone":56,"minecraft:oak_door":1,"minecraft:torch":120,"minecraft:spruce_fence":1,"minecraft:porkchop":17,"minecraft:diorite":68,"minecraft:carrot":7,"minecraft:rotten_flesh":24,"minecraft:stone_sword":11,"minecraft:arrow":12,"minecraft:stone_shovel":23,"minecraft:glistering_melon_slice":10,"minecraft:glow_berries":1,"minecraft:mutton":15,"minecraft:white_wool":9,"minecraft:cobblestone":460,"minecraft:birch_log":1175,"minecraft:feather":8,"minecraft:cooked_beef":5,"minecraft:jungle_log":2,"minecraft:andesite":148,"minecraft:leather":17,"minecraft:filled_map":4,"minecraft:birch_planks":2921,"minecraft:flint":2,"minecraft:tuff":5,"minecraft:oak_log":6,"minecraft:cobbled_deepslate_stairs":15,"minecraft:gunpowder":4,"minecraft:cobblestone_stairs":49,"minecraft:paper":42,"minecraft:lapis_lazuli":25,"minecraft:wooden_hoe":5,"minecraft:stripped_birch_log":2,"minecraft:dirt":132,"minecraft:white_banner":3,"minecraft:leather_boots":8,"minecraft:birch_pressure_plate":13,"minecraft:cooked_mutton":2,"minecraft:glass":6,"minecraft:bone":12,"minecraft:bow":4,"minecraft:wheat_seeds":12,"minecraft:iron_ingot":5,"minecraft:stone_pickaxe":6,"minecraft:iron_sword":2,"minecraft:oak_planks":613,"minecraft:smooth_basalt":1,"minecraft:birch_boat":5,"minecraft:dandelion":9,"minecraft:sand":2884,"minecraft:birch_stairs":65,"minecraft:white_bed":17,"minecraft:diamond":8,"minecraft:stone_axe":59,"minecraft:granite":8,"minecraft:oak_sapling":6,"minecraft:coal":596,"minecraft:diamond_pickaxe":2},"minecraft:killed_by":{"minecraft:zombie_villager":1,"minecraft:cave_spider":1,"minecraft:skeleton":3,"minecraft:zombie":1},"minecraft:used":{"minecraft:stone_sword":81,"minecraft:stone_shovel":15,"minecraft:ladder":65,"minecraft:chest":54,"minecraft:shield":1,"minecraft:iron_sword":79,"minecraft:wooden_shovel":28,"minecraft:cooked_chicken":5,"minecraft:oak_door":7,"minecraft:torch":79,"minecraft:mutton":13,"minecraft:dirt":44,"minecraft:birch_pressure_plate":25,"minecraft:carrot":11,"minecraft:spruce_fence":1,"minecraft:birch_door":6,"minecraft:glass":256,"minecraft:wooden_axe":46,"minecraft:birch_chest_boat":1,"minecraft:iron_axe":232,"minecraft:birch_sapling":21,"minecraft:bow":1,"minecraft:beef":10,"minecraft:furnace":11,"minecraft:cooked_beef":2,"minecraft:potato":5,"minecraft:wheat_seeds":4,"minecraft:cooked_mutton":4,"minecraft:diorite":4,"minecraft:cobblestone_stairs":104,"minecraft:birch_planks":1383,"minecraft:stripped_birch_log":1,"minecraft:stone_pickaxe":179,"minecraft:oak_planks":113,"minecraft:wooden_pickaxe":11,"minecraft:birch_boat":3,"minecraft:sugar_cane":6,"minecraft:leather_boots":4,"minecraft:cobblestone_slab":11,"minecraft:glow_berries":1,"minecraft:sand":2,"minecraft:crafting_table":11,"minecraft:white_bed":15,"minecraft:cobbled_deepslate_stairs":31,"minecraft:wooden_hoe":10,"minecraft:diamond_pickaxe":4,"minecraft:iron_pickaxe":443,"minecraft:stone_axe":672,"minecraft:wooden_sword":4,"minecraft:cobblestone":173,"minecraft:white_banner":2,"minecraft:porkchop":11,"minecraft:birch_log":220,"minecraft:oak_boat":2,"minecraft:birch_stairs":57},"minecraft:killed":{"minecraft:spider":2,"minecraft:skeleton":2,"minecraft:drowned":1,"minecraft:pig":5,"minecraft:zombie_villager":1,"minecraft:creeper":1,"minecraft:sheep":6,"minecraft:zombie":1,"minecraft:cow":8},"minecraft:crafted":{"minecraft:wooden_sword":1,"minecraft:oak_door":6,"minecraft:oak_planks":284,"minecraft:cobblestone_slab":6,"minecraft:stone_shovel":4,"minecraft:birch_boat":4,"minecraft:cooked_chicken":6,"minecraft:furnace":2,"minecraft:cobblestone_stairs":60,"minecraft:cooked_mutton":4,"minecraft:flint_and_steel":1,"minecraft:glass":256,"minecraft:iron_axe":1,"minecraft:ladder":54,"minecraft:birch_chest_boat":1,"minecraft:stone_pickaxe":3,"minecraft:chest":17,"minecraft:cobbled_deepslate_stairs":16,"minecraft:birch_door":6,"minecraft:cooked_beef":7,"minecraft:wooden_shovel":3,"minecraft:cooked_porkchop":6,"minecraft:crafting_table":6,"minecraft:wooden_pickaxe":1,"minecraft:iron_sword":2,"minecraft:birch_pressure_plate":12,"minecraft:birch_planks":1508,"minecraft:stone_axe":13,"minecraft:air":0,"minecraft:jungle_planks":8,"minecraft:oak_boat":1,"minecraft:wooden_hoe":1,"minecraft:diamond_pickaxe":1,"minecraft:shield":1,"minecraft:stick":172,"minecraft:iron_ingot":15,"minecraft:iron_pickaxe":3,"minecraft:wooden_axe":2,"minecraft:stone_sword":2,"minecraft:white_bed":1,"minecraft:torch":24,"minecraft:birch_stairs":56}},"DataVersion":3953}