{"stats":{"minecraft:killed":{"minecraft:sheep":3,"minecraft:pig":3},"minecraft:killed_by":{"minecraft:skeleton":1},"minecraft:mined":{"minecraft:birch_planks":4,"minecraft:white_bed":2,"minecraft:furnace":1,"minecraft:iron_ore":7,"minecraft:birch_log":23,"minecraft:birch_leaves":1,"minecraft:crafting_table":3,"minecraft:short_grass":2,"minecraft:coal_ore":11,"minecraft:grass_block":6,"minecraft:oak_log":6,"minecraft:dirt":36,"minecraft:stone":17,"minecraft:sugar_cane":6,"minecraft:wall_torch":1,"minecraft:oak_leaves":3},"minecraft:custom":{"minecraft:time_since_rest":0,"minecraft:interact_with_furnace":11,"minecraft:sprint_one_cm":86764,"minecraft:damage_taken":557,"minecraft:walk_one_cm":39145,"minecraft:mob_kills":7,"minecraft:damage_dealt":702,"minecraft:interact_with_crafting_table":15,"minecraft:swim_one_cm":19412,"minecraft:fly_one_cm":113082,"minecraft:open_chest":2,"minecraft:crouch_one_cm":80,"minecraft:play_time":36117,"minecraft:deaths":2,"minecraft:sneak_time":528,"minecraft:walk_under_water_one_cm":788,"minecraft:jump":666,"minecraft:walk_on_water_one_cm":11779,"minecraft:time_since_death":29332,"minecraft:sleep_in_bed":3,"minecraft:total_world_time":36117,"minecraft:fall_one_cm":19290},"minecraft:picked_up":{"minecraft:birch_log":23,"minecraft:raw_iron":7,"minecraft:crafting_table":3,"minecraft:torch":1,"minecraft:birch_planks":4,"minecraft:porkchop":6,"minecraft:oak_log":6,"minecraft:white_bed":2,"minecraft:dirt":42,"minecraft:iron_ingot":2,"minecraft:mutton":6,"minecraft:sugar_cane":12,"minecraft:birch_sapling":2,"minecraft:coal":12,"minecraft:white_wool":3,"minecraft:cobblestone":17,"minecraft:furnace":1},"minecraft:crafted":{"minecraft:wooden_sword":1,"minecraft:oak_planks":24,"minecraft:crafting_table":2,"minecraft:stick":16,"minecraft:iron_pickaxe":1,"minecraft:iron_ingot":5,"minecraft:stone_pickaxe":1,"minecraft:wooden_pickaxe":1,"minecraft:wooden_axe":2,"minecraft:chest":2,"minecraft:iron_sword":1,"minecraft:furnace":1,"minecraft:white_bed":1,"minecraft:birch_door":3,"minecraft:torch":12,"minecraft:birch_planks":92,"minecraft:air":0},"minecraft:broken":{"minecraft:wooden_axe":1},"minecraft:used":{"minecraft:birch_door":1,"minecraft:wooden_axe":46,"minecraft:birch_planks":33,"minecraft:stone_pickaxe":25,"minecraft:wooden_pickaxe":11,"minecraft:leather_boots":1,"minecraft:torch":5,"minecraft:wooden_sword":2,"minecraft:dirt":7,"minecraft:crafting_table":4,"minecraft:furnace":2,"minecraft:porkchop":3,"minecraft:carrot":1,"minecraft:white_bed":3,"minecraft:potato":5}},"DataVersion":3953}