{"stats":{"minecraft:killed":{"minecraft:pig":4,"minecraft:creeper":1,"minecraft:sheep":5,"minecraft:skeleton":1,"minecraft:zombie":1,"minecraft:cow":3},"minecraft:dropped":{"minecraft:bow":1,"minecraft:birch_boat":1,"minecraft:stone_pickaxe":1,"minecraft:wooden_pickaxe":1,"minecraft:white_wool":4,"minecraft:egg":1},"minecraft:killed_by":{"minecraft:skeleton":1,"minecraft:zombie":1},"minecraft:mined":{"minecraft:white_bed":4,"minecraft:crafting_table":3,"minecraft:torch":8,"minecraft:short_grass":5,"minecraft:grass_block":7,"minecraft:chest":2,"minecraft:cobblestone":3,"minecraft:sugar_cane":7,"minecraft:wall_torch":6,"minecraft:birch_planks":4,"minecraft:furnace":3,"minecraft:birch_log":23,"minecraft:iron_ore":7,"minecraft:birch_leaves":5,"minecraft:oak_log":6,"minecraft:coal_ore":24,"minecraft:gravel":1,"minecraft:dirt":46,"minecraft:stone":106,"minecraft:oak_leaves":3},"minecraft:custom":{"minecraft:interact_with_furnace":15,"minecraft:mob_kills":17,"minecraft:interact_with_crafting_table":21,"minecraft:time_since_death":7297,"minecraft:sleep_in_bed":10,"minecraft:time_since_rest":4716,"minecraft:sprint_one_cm":267626,"minecraft:damage_taken":1054,"minecraft:walk_one_cm":108107,"minecraft:drop":7,"minecraft:damage_dealt":1803,"minecraft:swim_one_cm":19412,"minecraft:fly_one_cm":249319,"minecraft:open_chest":10,"minecraft:crouch_one_cm":132,"minecraft:play_time":72117,"minecraft:deaths":3,"minecraft:sneak_time":641,"minecraft:walk_under_water_one_cm":788,"minecraft:boat_one_cm":6232,"minecraft:jump":1603,"minecraft:walk_on_water_one_cm":13423,"minecraft:total_world_time":72117,"minecraft:fall_one_cm":41345},"minecraft:picked_up":{"minecraft:wooden_axe":2,"minecraft:birch_log":28,"minecraft:birch_door":4,"minecraft:crafting_table":5,"minecraft:ominous_bottle":1,"minecraft:leather":10,"minecraft:wooden_pickaxe":2,"minecraft:filled_map":2,"minecraft:birch_planks":18,"minecraft:flint":1,"minecraft:oak_log":6,"minecraft:gunpowder":1,"minecraft:paper":28,"minecraft:dirt":96,"minecraft:white_banner":1,"minecraft:wooden_sword":2,"minecraft:flint_and_steel":2,"minecraft:leather_boots":1,"minecraft:bow":3,"minecraft:wheat_seeds":4,"minecraft:beef":14,"minecraft:stone_pickaxe":4,"minecraft:iron_ingot":4,"minecraft:iron_pickaxe":1,"minecraft:sugar_cane":20,"minecraft:chest":4,"minecraft:birch_sapling":7,"minecraft:iron_sword":1,"minecraft:furnace":5,"minecraft:egg":3,"minecraft:stick":8,"minecraft:raw_iron":7,"minecraft:birch_boat":2,"minecraft:torch":27,"minecraft:porkchop":15,"minecraft:white_bed":6,"minecraft:carrot":6,"minecraft:rotten_flesh":5,"minecraft:arrow":1,"minecraft:stone_axe":2,"minecraft:mutton":12,"minecraft:coal":65,"minecraft:white_wool":7,"minecraft:cobblestone":136},"minecraft:crafted":{"minecraft:wooden_sword":1,"minecraft:oak_planks":24,"minecraft:crafting_table":2,"minecraft:birch_boat":1,"minecraft:wooden_pickaxe":1,"minecraft:iron_sword":1,"minecraft:furnace":2,"minecraft:birch_planks":92,"minecraft:stone_axe":1,"minecraft:air":0,"minecraft:flint_and_steel":1,"minecraft:stick":20,"minecraft:iron_ingot":5,"minecraft:iron_pickaxe":1,"minecraft:stone_pickaxe":2,"minecraft:wooden_axe":2,"minecraft:chest":2,"minecraft:white_bed":1,"minecraft:birch_door":3,"minecraft:torch":12},"minecraft:broken":{"minecraft:wooden_axe":1},"minecraft:used":{"minecraft:birch_planks":33,"minecraft:stone_pickaxe":49,"minecraft:birch_boat":1,"minecraft:chest":4,"minecraft:wooden_pickaxe":11,"minecraft:iron_sword":45,"minecraft:leather_boots":1,"minecraft:torch":14,"minecraft:dirt":41,"minecraft:mutton":12,"minecraft:crafting_table":4,"minecraft:carrot":6,"minecraft:white_bed":6,"minecraft:birch_door":3,"minecraft:wooden_axe":46,"minecraft:iron_pickaxe":88,"minecraft:stone_axe":4,"minecraft:wooden_sword":2,"minecraft:cobblestone":20,"minecraft:bow":1,"minecraft:furnace":3,"minecraft:porkchop":9,"minecraft:potato":5}},"DataVersion":3953}