{"stats":{"minecraft:killed":{"minecraft:sheep":3,"minecraft:pig":3},"minecraft:killed_by":{"minecraft:skeleton":1},"minecraft:mined":{"minecraft:birch_log":23,"minecraft:birch_leaves":1,"minecraft:crafting_table":1,"minecraft:short_grass":2,"minecraft:grass_block":3,"minecraft:oak_log":6,"minecraft:dirt":25,"minecraft:sugar_cane":6,"minecraft:oak_leaves":3},"minecraft:custom":{"minecraft:time_since_rest":11356,"minecraft:sprint_one_cm":68405,"minecraft:damage_taken":539,"minecraft:walk_one_cm":27040,"minecraft:mob_kills":7,"minecraft:damage_dealt":668,"minecraft:interact_with_crafting_table":2,"minecraft:swim_one_cm":19412,"minecraft:fly_one_cm":102344,"minecraft:open_chest":2,"minecraft:crouch_one_cm":80,"minecraft:play_time":18117,"minecraft:deaths":2,"minecraft:sneak_time":494,"minecraft:walk_under_water_one_cm":788,"minecraft:jump":543,"minecraft:walk_on_water_one_cm":11779,"minecraft:time_since_death":11332,"minecraft:total_world_time":18117,"minecraft:fall_one_cm":16654},"minecraft:picked_up":{"minecraft:birch_log":23,"minecraft:crafting_table":1,"minecraft:porkchop":6,"minecraft:oak_log":6,"minecraft:dirt":28,"minecraft:mutton":6,"minecraft:sugar_cane":12,"minecraft:birch_sapling":2,"minecraft:white_wool":3},"minecraft:crafted":{"minecraft:oak_planks":24,"minecraft:crafting_table":1,"minecraft:stick":4,"minecraft:wooden_pickaxe":1,"minecraft:wooden_axe":1,"minecraft:white_bed":1,"minecraft:birch_planks":92},"minecraft:broken":{"minecraft:wooden_axe":1},"minecraft:used":{"minecraft:wooden_axe":39,"minecraft:birch_planks":22,"minecraft:leather_boots":1,"minecraft:dirt":7,"minecraft:crafting_table":2,"minecraft:porkchop":3,"minecraft:carrot":1,"minecraft:white_bed":1,"minecraft:potato":5}},"DataVersion":3953}