{"stats":{"minecraft:broken":{"minecraft:wooden_axe":1},"minecraft:crafted":{"minecraft:wooden_sword":1,"minecraft:oak_door":6,"minecraft:oak_planks":284,"minecraft:cobblestone_slab":6,"minecraft:stone_shovel":4,"minecraft:birch_boat":4,"minecraft:cooked_chicken":6,"minecraft:furnace":2,"minecraft:cobblestone_stairs":60,"minecraft:cooked_mutton":4,"minecraft:flint_and_steel":1,"minecraft:glass":256,"minecraft:iron_axe":1,"minecraft:ladder":54,"minecraft:birch_chest_boat":1,"minecraft:stone_pickaxe":3,"minecraft:chest":17,"minecraft:cobbled_deepslate_stairs":16,"minecraft:birch_door":6,"minecraft:cooked_beef":7,"minecraft:wooden_shovel":3,"minecraft:cooked_porkchop":6,"minecraft:crafting_table":5,"minecraft:wooden_pickaxe":1,"minecraft:iron_sword":2,"minecraft:birch_pressure_plate":12,"minecraft:birch_planks":1508,"minecraft:stone_axe":13,"minecraft:air":0,"minecraft:wooden_hoe":1,"minecraft:diamond_pickaxe":1,"minecraft:shield":1,"minecraft:stick":172,"minecraft:iron_ingot":15,"minecraft:iron_pickaxe":3,"minecraft:wooden_axe":2,"minecraft:stone_sword":2,"minecraft:white_bed":1,"minecraft:torch":24,"minecraft:birch_stairs":56},"minecraft:picked_up":{"minecraft:wooden_axe":3,"minecraft:cocoa_beans":18,"minecraft:birch_door":8,"minecraft:crafting_table":8,"minecraft:ominous_bottle":2,"minecraft:chicken":8,"minecraft:ladder":21,"minecraft:wooden_pickaxe":6,"minecraft:amethyst_block":3,"minecraft:string":4,"minecraft:raw_copper":8,"minecraft:iron_axe":1,"minecraft:wooden_sword":3,"minecraft:flint_and_steel":3,"minecraft:cobbled_deepslate":30,"minecraft:beef":14,"minecraft:cobblestone_slab":5,"minecraft:calcite":2,"minecraft:wooden_shovel":9,"minecraft:poppy":4,"minecraft:iron_pickaxe":11,"minecraft:sugar_cane":53,"minecraft:chest":35,"minecraft:birch_sapling":43,"minecraft:egg":4,"minecraft:furnace":9,"minecraft:stick":56,"minecraft:raw_iron":28,"minecraft:sandstone":42,"minecraft:oak_door":1,"minecraft:torch":96,"minecraft:porkchop":15,"minecraft:diorite":52,"minecraft:carrot":7,"minecraft:rotten_flesh":18,"minecraft:stone_sword":9,"minecraft:arrow":9,"minecraft:stone_shovel":14,"minecraft:glow_berries":1,"minecraft:mutton":15,"minecraft:white_wool":9,"minecraft:cobblestone":460,"minecraft:birch_log":1175,"minecraft:feather":8,"minecraft:cooked_beef":5,"minecraft:andesite":111,"minecraft:leather":15,"minecraft:filled_map":3,"minecraft:birch_planks":2745,"minecraft:flint":2,"minecraft:tuff":3,"minecraft:oak_log":6,"minecraft:cobbled_deepslate_stairs":15,"minecraft:gunpowder":2,"minecraft:cobblestone_stairs":49,"minecraft:paper":42,"minecraft:wooden_hoe":4,"minecraft:lapis_lazuli":25,"minecraft:stripped_birch_log":2,"minecraft:dirt":130,"minecraft:white_banner":3,"minecraft:leather_boots":7,"minecraft:birch_pressure_plate":13,"minecraft:cooked_mutton":2,"minecraft:glass":6,"minecraft:bone":8,"minecraft:bow":4,"minecraft:wheat_seeds":11,"minecraft:iron_ingot":5,"minecraft:stone_pickaxe":6,"minecraft:iron_sword":2,"minecraft:oak_planks":528,"minecraft:smooth_basalt":1,"minecraft:birch_boat":5,"minecraft:dandelion":9,"minecraft:sand":2180,"minecraft:birch_stairs":57,"minecraft:white_bed":14,"minecraft:diamond":7,"minecraft:stone_axe":43,"minecraft:granite":6,"minecraft:oak_sapling":6,"minecraft:coal":481,"minecraft:diamond_pickaxe":1},"minecraft:killed_by":{"minecraft:cave_spider":1,"minecraft:skeleton":3,"minecraft:zombie":1},"minecraft:dropped":{"minecraft:birch_planks":9,"minecraft:porkchop":1,"minecraft:wheat_seeds":1,"minecraft:cobblestone":18,"minecraft:coal":204,"minecraft:stick":1,"minecraft:sand":968,"minecraft:iron_pickaxe":2,"minecraft:birch_log":256,"minecraft:birch_stairs":16,"minecraft:white_wool":4,"minecraft:stone_axe":1,"minecraft:cooked_chicken":1,"minecraft:rotten_flesh":3,"minecraft:birch_boat":1,"minecraft:wooden_pickaxe":2,"minecraft:bow":1,"minecraft:stone_pickaxe":2,"minecraft:egg":2},"minecraft:mined":{"minecraft:tuff":1,"minecraft:white_bed":11,"minecraft:deepslate_diamond_ore":6,"minecraft:cobbled_deepslate_stairs":15,"minecraft:oak_door":1,"minecraft:cobblestone_stairs":47,"minecraft:stripped_birch_log":1,"minecraft:ladder":8,"minecraft:granite":2,"minecraft:grass_block":30,"minecraft:sandstone":14,"minecraft:furnace":7,"minecraft:iron_ore":7,"minecraft:andesite":37,"minecraft:deepslate_lapis_ore":4,"minecraft:deepslate_iron_ore":21,"minecraft:cobblestone_slab":5,"minecraft:stone":340,"minecraft:white_banner":2,"minecraft:birch_pressure_plate":13,"minecraft:birch_stairs":9,"minecraft:crafting_table":5,"minecraft:torch":16,"minecraft:short_grass":9,"minecraft:chest":33,"minecraft:copper_ore":2,"minecraft:cobblestone":25,"minecraft:glass":20,"minecraft:oak_planks":27,"minecraft:sugar_cane":15,"minecraft:diorite":21,"minecraft:wall_torch":23,"minecraft:birch_planks":477,"minecraft:birch_log":331,"minecraft:birch_leaves":21,"minecraft:birch_door":2,"minecraft:coal_ore":33,"minecraft:oak_log":6,"minecraft:cocoa":4,"minecraft:gravel":2,"minecraft:sand":16,"minecraft:dirt":54,"minecraft:oak_leaves":3,"minecraft:deepslate":31},"minecraft:used":{"minecraft:stone_sword":22,"minecraft:stone_shovel":15,"minecraft:ladder":65,"minecraft:chest":54,"minecraft:shield":1,"minecraft:iron_sword":79,"minecraft:wooden_shovel":28,"minecraft:cooked_chicken":5,"minecraft:oak_door":7,"minecraft:torch":75,"minecraft:dirt":43,"minecraft:birch_pressure_plate":25,"minecraft:mutton":13,"minecraft:carrot":11,"minecraft:birch_door":6,"minecraft:glass":256,"minecraft:wooden_axe":46,"minecraft:birch_chest_boat":1,"minecraft:iron_axe":232,"minecraft:birch_sapling":21,"minecraft:bow":1,"minecraft:furnace":11,"minecraft:cooked_beef":2,"minecraft:potato":5,"minecraft:wheat_seeds":4,"minecraft:cooked_mutton":4,"minecraft:diorite":4,"minecraft:cobblestone_stairs":104,"minecraft:birch_planks":1383,"minecraft:stone_pickaxe":179,"minecraft:oak_planks":113,"minecraft:wooden_pickaxe":11,"minecraft:birch_boat":3,"minecraft:leather_boots":3,"minecraft:cobblestone_slab":11,"minecraft:sugar_cane":6,"minecraft:glow_berries":1,"minecraft:sand":2,"minecraft:crafting_table":10,"minecraft:white_bed":13,"minecraft:cobbled_deepslate_stairs":31,"minecraft:wooden_hoe":10,"minecraft:diamond_pickaxe":2,"minecraft:iron_pickaxe":443,"minecraft:stone_axe":650,"minecraft:wooden_sword":2,"minecraft:cobblestone":173,"minecraft:white_banner":2,"minecraft:porkchop":9,"minecraft:birch_log":220,"minecraft:birch_stairs":57},"minecraft:killed":{"minecraft:spider":2,"minecraft:skeleton":2,"minecraft:drowned":1,"minecraft:pig":4,"minecraft:creeper":1,"minecraft:sheep":6,"minecraft:zombie":1,"minecraft:cow":3},"minecraft:custom":{"minecraft:mob_kills":23,"minecraft:interact_with_crafting_table":57,"minecraft:leave_game":5,"minecraft:time_since_death":14451,"minecraft:climb_one_cm":7211,"minecraft:sprint_one_cm":709648,"minecraft:walk_one_cm":1051794,"minecraft:damage_blocked_by_shield":35,"minecraft:drop":51,"minecraft:play_time":324768,"minecraft:deaths":13,"minecraft:sneak_time":9248,"minecraft:walk_under_water_one_cm":6293,"minecraft:boat_one_cm":121439,"minecraft:jump":5023,"minecraft:walk_on_water_one_cm":42357,"minecraft:total_world_time":324768,"minecraft:interact_with_furnace":148,"minecraft:sleep_in_bed":24,"minecraft:time_since_rest":714,"minecraft:damage_taken":4077,"minecraft:damage_dealt":3555,"minecraft:swim_one_cm":31002,"minecraft:player_kills":3,"minecraft:fly_one_cm":702755,"minecraft:open_chest":143,"minecraft:crouch_one_cm":38833,"minecraft:fall_one_cm":145070}},"DataVersion":3953}