{"stats":{"minecraft:broken":{"minecraft:wooden_axe":1},"minecraft:crafted":{"minecraft:wooden_sword":1,"minecraft:oak_door":6,"minecraft:oak_planks":284,"minecraft:cobblestone_slab":6,"minecraft:stone_shovel":4,"minecraft:birch_boat":3,"minecraft:cooked_chicken":6,"minecraft:furnace":2,"minecraft:cobblestone_stairs":60,"minecraft:cooked_mutton":4,"minecraft:flint_and_steel":1,"minecraft:glass":256,"minecraft:iron_axe":1,"minecraft:ladder":54,"minecraft:stone_pickaxe":3,"minecraft:chest":16,"minecraft:cobbled_deepslate_stairs":16,"minecraft:birch_door":6,"minecraft:cooked_beef":7,"minecraft:wooden_shovel":3,"minecraft:cooked_porkchop":6,"minecraft:crafting_table":5,"minecraft:wooden_pickaxe":1,"minecraft:iron_sword":2,"minecraft:birch_pressure_plate":12,"minecraft:birch_planks":1508,"minecraft:stone_axe":13,"minecraft:air":0,"minecraft:wooden_hoe":1,"minecraft:diamond_pickaxe":1,"minecraft:shield":1,"minecraft:stick":172,"minecraft:iron_ingot":15,"minecraft:iron_pickaxe":3,"minecraft:wooden_axe":2,"minecraft:stone_sword":2,"minecraft:white_bed":1,"minecraft:torch":24,"minecraft:birch_stairs":56},"minecraft:picked_up":{"minecraft:wooden_axe":3,"minecraft:cocoa_beans":18,"minecraft:birch_door":8,"minecraft:crafting_table":8,"minecraft:ominous_bottle":2,"minecraft:chicken":8,"minecraft:ladder":15,"minecraft:wooden_pickaxe":6,"minecraft:amethyst_block":3,"minecraft:string":2,"minecraft:iron_axe":1,"minecraft:wooden_sword":3,"minecraft:flint_and_steel":3,"minecraft:cobbled_deepslate":30,"minecraft:beef":14,"minecraft:cobblestone_slab":5,"minecraft:calcite":2,"minecraft:wooden_shovel":5,"minecraft:poppy":4,"minecraft:iron_pickaxe":9,"minecraft:sugar_cane":38,"minecraft:chest":27,"minecraft:birch_sapling":43,"minecraft:egg":4,"minecraft:furnace":9,"minecraft:stick":56,"minecraft:raw_iron":28,"minecraft:sandstone":42,"minecraft:oak_door":1,"minecraft:torch":96,"minecraft:porkchop":15,"minecraft:diorite":36,"minecraft:carrot":7,"minecraft:rotten_flesh":15,"minecraft:stone_sword":7,"minecraft:arrow":5,"minecraft:stone_shovel":14,"minecraft:glow_berries":1,"minecraft:mutton":15,"minecraft:white_wool":9,"minecraft:cobblestone":458,"minecraft:birch_log":1175,"minecraft:feather":8,"minecraft:cooked_beef":5,"minecraft:andesite":74,"minecraft:leather":15,"minecraft:filled_map":3,"minecraft:birch_planks":2713,"minecraft:flint":2,"minecraft:tuff":2,"minecraft:oak_log":6,"minecraft:cobbled_deepslate_stairs":9,"minecraft:gunpowder":2,"minecraft:cobblestone_stairs":49,"minecraft:paper":42,"minecraft:wooden_hoe":2,"minecraft:lapis_lazuli":25,"minecraft:stripped_birch_log":2,"minecraft:dirt":129,"minecraft:white_banner":3,"minecraft:leather_boots":5,"minecraft:birch_pressure_plate":13,"minecraft:cooked_mutton":2,"minecraft:glass":6,"minecraft:bone":4,"minecraft:bow":4,"minecraft:wheat_seeds":11,"minecraft:iron_ingot":5,"minecraft:stone_pickaxe":6,"minecraft:iron_sword":2,"minecraft:oak_planks":528,"minecraft:smooth_basalt":1,"minecraft:birch_boat":5,"minecraft:dandelion":9,"minecraft:sand":2180,"minecraft:birch_stairs":5,"minecraft:white_bed":13,"minecraft:diamond":7,"minecraft:stone_axe":39,"minecraft:granite":4,"minecraft:oak_sapling":6,"minecraft:coal":481,"minecraft:diamond_pickaxe":1},"minecraft:killed_by":{"minecraft:cave_spider":1,"minecraft:skeleton":3,"minecraft:zombie":1},"minecraft:dropped":{"minecraft:birch_planks":9,"minecraft:porkchop":1,"minecraft:wheat_seeds":1,"minecraft:cobblestone":18,"minecraft:coal":204,"minecraft:stick":1,"minecraft:sand":968,"minecraft:iron_pickaxe":2,"minecraft:birch_log":256,"minecraft:birch_stairs":16,"minecraft:white_wool":4,"minecraft:cooked_chicken":1,"minecraft:rotten_flesh":2,"minecraft:birch_boat":1,"minecraft:wooden_pickaxe":2,"minecraft:bow":1,"minecraft:stone_pickaxe":2,"minecraft:egg":2},"minecraft:mined":{"minecraft:tuff":1,"minecraft:white_bed":10,"minecraft:deepslate_diamond_ore":6,"minecraft:cobbled_deepslate_stairs":9,"minecraft:oak_door":1,"minecraft:cobblestone_stairs":47,"minecraft:stripped_birch_log":1,"minecraft:ladder":6,"minecraft:granite":2,"minecraft:grass_block":30,"minecraft:sandstone":14,"minecraft:furnace":7,"minecraft:iron_ore":7,"minecraft:andesite":37,"minecraft:deepslate_lapis_ore":4,"minecraft:deepslate_iron_ore":21,"minecraft:cobblestone_slab":5,"minecraft:stone":338,"minecraft:white_banner":2,"minecraft:birch_pressure_plate":13,"minecraft:birch_stairs":5,"minecraft:crafting_table":5,"minecraft:torch":16,"minecraft:short_grass":9,"minecraft:chest":25,"minecraft:cobblestone":25,"minecraft:glass":20,"minecraft:oak_planks":27,"minecraft:sugar_cane":10,"minecraft:diorite":21,"minecraft:wall_torch":23,"minecraft:birch_planks":472,"minecraft:birch_log":331,"minecraft:birch_leaves":21,"minecraft:birch_door":2,"minecraft:coal_ore":33,"minecraft:oak_log":6,"minecraft:cocoa":4,"minecraft:gravel":2,"minecraft:sand":16,"minecraft:dirt":54,"minecraft:oak_leaves":3,"minecraft:deepslate":31},"minecraft:used":{"minecraft:stone_sword":15,"minecraft:stone_shovel":15,"minecraft:ladder":63,"minecraft:chest":54,"minecraft:shield":1,"minecraft:iron_sword":79,"minecraft:wooden_shovel":28,"minecraft:cooked_chicken":5,"minecraft:oak_door":7,"minecraft:torch":75,"minecraft:dirt":43,"minecraft:birch_pressure_plate":25,"minecraft:mutton":13,"minecraft:carrot":11,"minecraft:birch_door":6,"minecraft:glass":256,"minecraft:wooden_axe":46,"minecraft:iron_axe":232,"minecraft:birch_sapling":11,"minecraft:bow":1,"minecraft:furnace":11,"minecraft:cooked_beef":2,"minecraft:potato":5,"minecraft:wheat_seeds":4,"minecraft:cooked_mutton":4,"minecraft:diorite":4,"minecraft:cobblestone_stairs":104,"minecraft:birch_planks":1372,"minecraft:stone_pickaxe":179,"minecraft:oak_planks":113,"minecraft:wooden_pickaxe":11,"minecraft:birch_boat":3,"minecraft:leather_boots":2,"minecraft:cobblestone_slab":11,"minecraft:sugar_cane":6,"minecraft:glow_berries":1,"minecraft:sand":2,"minecraft:crafting_table":10,"minecraft:white_bed":12,"minecraft:cobbled_deepslate_stairs":25,"minecraft:wooden_hoe":10,"minecraft:diamond_pickaxe":2,"minecraft:iron_pickaxe":433,"minecraft:stone_axe":633,"minecraft:wooden_sword":2,"minecraft:cobblestone":171,"minecraft:white_banner":2,"minecraft:porkchop":9,"minecraft:birch_log":220,"minecraft:birch_stairs":45},"minecraft:killed":{"minecraft:spider":1,"minecraft:skeleton":2,"minecraft:pig":4,"minecraft:creeper":1,"minecraft:sheep":6,"minecraft:zombie":1,"minecraft:cow":3},"minecraft:custom":{"minecraft:mob_kills":21,"minecraft:interact_with_crafting_table":54,"minecraft:leave_game":5,"minecraft:time_since_death":16018,"minecraft:climb_one_cm":7211,"minecraft:sprint_one_cm":636281,"minecraft:walk_one_cm":917520,"minecraft:damage_blocked_by_shield":35,"minecraft:drop":49,"minecraft:play_time":300768,"minecraft:deaths":11,"minecraft:sneak_time":9094,"minecraft:walk_under_water_one_cm":6293,"minecraft:boat_one_cm":107095,"minecraft:jump":4532,"minecraft:walk_on_water_one_cm":42289,"minecraft:total_world_time":300768,"minecraft:interact_with_furnace":139,"minecraft:sleep_in_bed":20,"minecraft:time_since_rest":16043,"minecraft:damage_taken":3613,"minecraft:damage_dealt":3186,"minecraft:swim_one_cm":31002,"minecraft:player_kills":3,"minecraft:fly_one_cm":647428,"minecraft:open_chest":114,"minecraft:crouch_one_cm":38483,"minecraft:fall_one_cm":126895}},"DataVersion":3953}