{"stats":{"minecraft:killed":{"minecraft:pig":4,"minecraft:sheep":5,"minecraft:skeleton":1,"minecraft:zombie":1},"minecraft:dropped":{"minecraft:white_wool":4},"minecraft:killed_by":{"minecraft:skeleton":1},"minecraft:mined":{"minecraft:white_bed":3,"minecraft:crafting_table":3,"minecraft:torch":8,"minecraft:short_grass":5,"minecraft:grass_block":7,"minecraft:chest":2,"minecraft:cobblestone":2,"minecraft:sugar_cane":6,"minecraft:wall_torch":6,"minecraft:birch_planks":4,"minecraft:furnace":3,"minecraft:birch_log":23,"minecraft:iron_ore":7,"minecraft:birch_leaves":1,"minecraft:oak_log":6,"minecraft:coal_ore":24,"minecraft:gravel":1,"minecraft:dirt":39,"minecraft:stone":50,"minecraft:oak_leaves":3},"minecraft:custom":{"minecraft:interact_with_furnace":14,"minecraft:mob_kills":13,"minecraft:interact_with_crafting_table":20,"minecraft:time_since_death":53332,"minecraft:sleep_in_bed":6,"minecraft:time_since_rest":10424,"minecraft:sprint_one_cm":204731,"minecraft:damage_taken":717,"minecraft:walk_one_cm":87680,"minecraft:drop":2,"minecraft:damage_dealt":1198,"minecraft:swim_one_cm":19412,"minecraft:fly_one_cm":197070,"minecraft:open_chest":9,"minecraft:crouch_one_cm":80,"minecraft:play_time":60117,"minecraft:deaths":2,"minecraft:sneak_time":561,"minecraft:walk_under_water_one_cm":788,"minecraft:boat_one_cm":6232,"minecraft:jump":1304,"minecraft:walk_on_water_one_cm":11779,"minecraft:total_world_time":60117,"minecraft:fall_one_cm":33059},"minecraft:picked_up":{"minecraft:wooden_axe":1,"minecraft:birch_log":23,"minecraft:birch_door":2,"minecraft:crafting_table":4,"minecraft:wooden_pickaxe":1,"minecraft:filled_map":1,"minecraft:birch_planks":11,"minecraft:flint":1,"minecraft:oak_log":6,"minecraft:paper":14,"minecraft:dirt":63,"minecraft:wooden_sword":1,"minecraft:flint_and_steel":1,"minecraft:bow":2,"minecraft:wheat_seeds":1,"minecraft:stone_pickaxe":1,"minecraft:iron_ingot":3,"minecraft:sugar_cane":18,"minecraft:chest":2,"minecraft:birch_sapling":4,"minecraft:furnace":3,"minecraft:egg":2,"minecraft:stick":1,"minecraft:raw_iron":7,"minecraft:birch_boat":1,"minecraft:torch":14,"minecraft:porkchop":9,"minecraft:white_bed":3,"minecraft:rotten_flesh":2,"minecraft:arrow":1,"minecraft:stone_axe":1,"minecraft:mutton":12,"minecraft:coal":45,"minecraft:white_wool":7,"minecraft:cobblestone":65},"minecraft:crafted":{"minecraft:wooden_sword":1,"minecraft:oak_planks":24,"minecraft:crafting_table":2,"minecraft:birch_boat":1,"minecraft:wooden_pickaxe":1,"minecraft:iron_sword":1,"minecraft:furnace":2,"minecraft:birch_planks":92,"minecraft:stone_axe":1,"minecraft:air":0,"minecraft:flint_and_steel":1,"minecraft:stick":20,"minecraft:iron_ingot":5,"minecraft:iron_pickaxe":1,"minecraft:stone_pickaxe":2,"minecraft:wooden_axe":2,"minecraft:chest":2,"minecraft:white_bed":1,"minecraft:birch_door":3,"minecraft:torch":12},"minecraft:broken":{"minecraft:wooden_axe":1},"minecraft:used":{"minecraft:birch_planks":33,"minecraft:stone_pickaxe":49,"minecraft:birch_boat":1,"minecraft:chest":2,"minecraft:wooden_pickaxe":11,"minecraft:iron_sword":28,"minecraft:leather_boots":1,"minecraft:torch":14,"minecraft:dirt":8,"minecraft:mutton":12,"minecraft:crafting_table":4,"minecraft:carrot":5,"minecraft:white_bed":3,"minecraft:birch_door":1,"minecraft:wooden_axe":46,"minecraft:iron_pickaxe":31,"minecraft:wooden_sword":2,"minecraft:cobblestone":14,"minecraft:bow":1,"minecraft:furnace":3,"minecraft:porkchop":9,"minecraft:potato":5}},"DataVersion":3953}