{"stats":{"minecraft:broken":{"minecraft:wooden_axe":1},"minecraft:crafted":{"minecraft:wooden_sword":1,"minecraft:oak_planks":284,"minecraft:cobblestone_slab":6,"minecraft:birch_boat":3,"minecraft:cooked_chicken":6,"minecraft:furnace":2,"minecraft:cooked_mutton":3,"minecraft:flint_and_steel":1,"minecraft:ladder":54,"minecraft:stone_pickaxe":3,"minecraft:chest":2,"minecraft:birch_door":6,"minecraft:cooked_beef":7,"minecraft:cooked_porkchop":6,"minecraft:crafting_table":4,"minecraft:wooden_pickaxe":1,"minecraft:iron_sword":2,"minecraft:birch_planks":248,"minecraft:stone_axe":1,"minecraft:air":0,"minecraft:diamond_pickaxe":1,"minecraft:shield":1,"minecraft:stick":156,"minecraft:iron_ingot":15,"minecraft:iron_pickaxe":3,"minecraft:wooden_axe":2,"minecraft:stone_sword":1,"minecraft:white_bed":1,"minecraft:torch":12},"minecraft:picked_up":{"minecraft:wooden_axe":3,"minecraft:cocoa_beans":12,"minecraft:birch_door":4,"minecraft:crafting_table":5,"minecraft:ominous_bottle":1,"minecraft:chicken":8,"minecraft:ladder":3,"minecraft:wooden_pickaxe":6,"minecraft:amethyst_block":3,"minecraft:wooden_sword":2,"minecraft:flint_and_steel":2,"minecraft:cobbled_deepslate":30,"minecraft:beef":14,"minecraft:cobblestone_slab":5,"minecraft:calcite":2,"minecraft:poppy":4,"minecraft:iron_pickaxe":3,"minecraft:sugar_cane":32,"minecraft:chest":4,"minecraft:birch_sapling":11,"minecraft:egg":4,"minecraft:furnace":5,"minecraft:stick":10,"minecraft:raw_iron":28,"minecraft:torch":74,"minecraft:porkchop":15,"minecraft:diorite":20,"minecraft:carrot":6,"minecraft:stone_sword":2,"minecraft:arrow":1,"minecraft:rotten_flesh":9,"minecraft:glow_berries":1,"minecraft:mutton":15,"minecraft:white_wool":9,"minecraft:cobblestone":410,"minecraft:birch_log":74,"minecraft:feather":8,"minecraft:cooked_beef":5,"minecraft:andesite":37,"minecraft:leather":10,"minecraft:birch_planks":36,"minecraft:filled_map":2,"minecraft:flint":1,"minecraft:tuff":1,"minecraft:oak_log":6,"minecraft:gunpowder":1,"minecraft:paper":28,"minecraft:dirt":102,"minecraft:lapis_lazuli":25,"minecraft:white_banner":1,"minecraft:cooked_mutton":2,"minecraft:leather_boots":2,"minecraft:bow":4,"minecraft:wheat_seeds":7,"minecraft:stone_pickaxe":6,"minecraft:iron_ingot":5,"minecraft:oak_planks":91,"minecraft:iron_sword":2,"minecraft:smooth_basalt":1,"minecraft:birch_boat":5,"minecraft:dandelion":9,"minecraft:sand":1,"minecraft:white_bed":9,"minecraft:diamond":6,"minecraft:stone_axe":4,"minecraft:granite":2,"minecraft:oak_sapling":6,"minecraft:coal":135},"minecraft:killed_by":{"minecraft:cave_spider":1,"minecraft:skeleton":2,"minecraft:zombie":1},"minecraft:dropped":{"minecraft:porkchop":1,"minecraft:wheat_seeds":1,"minecraft:coal":12,"minecraft:iron_pickaxe":1,"minecraft:white_wool":4,"minecraft:cooked_chicken":1,"minecraft:birch_boat":1,"minecraft:wooden_pickaxe":2,"minecraft:bow":1,"minecraft:stone_pickaxe":2,"minecraft:egg":2},"minecraft:mined":{"minecraft:tuff":1,"minecraft:white_bed":6,"minecraft:deepslate_diamond_ore":6,"minecraft:granite":2,"minecraft:ladder":2,"minecraft:grass_block":8,"minecraft:furnace":3,"minecraft:iron_ore":7,"minecraft:andesite":37,"minecraft:deepslate_lapis_ore":4,"minecraft:deepslate_iron_ore":21,"minecraft:cobblestone_slab":5,"minecraft:stone":333,"minecraft:crafting_table":3,"minecraft:torch":8,"minecraft:short_grass":7,"minecraft:chest":2,"minecraft:cobblestone":21,"minecraft:sugar_cane":10,"minecraft:diorite":21,"minecraft:wall_torch":9,"minecraft:birch_planks":9,"minecraft:birch_log":64,"minecraft:birch_leaves":11,"minecraft:oak_log":6,"minecraft:coal_ore":33,"minecraft:cocoa":4,"minecraft:sand":1,"minecraft:gravel":1,"minecraft:dirt":49,"minecraft:oak_leaves":3,"minecraft:deepslate":31},"minecraft:used":{"minecraft:ladder":55,"minecraft:chest":5,"minecraft:shield":1,"minecraft:iron_sword":79,"minecraft:cooked_chicken":5,"minecraft:torch":41,"minecraft:dirt":43,"minecraft:mutton":13,"minecraft:carrot":6,"minecraft:birch_door":4,"minecraft:wooden_axe":46,"minecraft:bow":1,"minecraft:furnace":5,"minecraft:cooked_beef":2,"minecraft:potato":5,"minecraft:cooked_mutton":3,"minecraft:diorite":4,"minecraft:birch_planks":59,"minecraft:stone_pickaxe":179,"minecraft:wooden_pickaxe":11,"minecraft:birch_boat":3,"minecraft:cobblestone_slab":11,"minecraft:leather_boots":1,"minecraft:sand":1,"minecraft:crafting_table":6,"minecraft:white_bed":8,"minecraft:diamond_pickaxe":2,"minecraft:iron_pickaxe":344,"minecraft:stone_axe":58,"minecraft:wooden_sword":2,"minecraft:cobblestone":171,"minecraft:porkchop":9},"minecraft:killed":{"minecraft:skeleton":1,"minecraft:pig":4,"minecraft:creeper":1,"minecraft:sheep":6,"minecraft:zombie":1,"minecraft:cow":3},"minecraft:custom":{"minecraft:mob_kills":19,"minecraft:interact_with_crafting_table":32,"minecraft:leave_game":3,"minecraft:time_since_death":436,"minecraft:climb_one_cm":7211,"minecraft:sprint_one_cm":405743,"minecraft:walk_one_cm":231667,"minecraft:damage_blocked_by_shield":35,"minecraft:drop":15,"minecraft:play_time":141318,"minecraft:deaths":6,"minecraft:sneak_time":1995,"minecraft:walk_under_water_one_cm":6178,"minecraft:boat_one_cm":107095,"minecraft:jump":2619,"minecraft:walk_on_water_one_cm":40583,"minecraft:total_world_time":141318,"minecraft:interact_with_furnace":49,"minecraft:sleep_in_bed":13,"minecraft:time_since_rest":460,"minecraft:damage_taken":2299,"minecraft:damage_dealt":2849,"minecraft:swim_one_cm":31002,"minecraft:player_kills":3,"minecraft:fly_one_cm":471150,"minecraft:open_chest":32,"minecraft:crouch_one_cm":2927,"minecraft:fall_one_cm":69485}},"DataVersion":3953}