{"stats":{"minecraft:mined":{"minecraft:birch_log":4,"minecraft:grass_block":3,"minecraft:birch_leaves":1,"minecraft:dirt":25},"minecraft:custom":{"minecraft:jump":192,"minecraft:time_since_rest":2732,"minecraft:deaths":1,"minecraft:damage_dealt":97,"minecraft:crouch_one_cm":80,"minecraft:sprint_one_cm":18113,"minecraft:play_time":6117,"minecraft:damage_taken":490,"minecraft:time_since_death":2696,"minecraft:walk_one_cm":10860,"minecraft:sneak_time":476,"minecraft:total_world_time":6117,"minecraft:mob_kills":1,"minecraft:fall_one_cm":8423,"minecraft:fly_one_cm":38169},"minecraft:picked_up":{"minecraft:dirt":28,"minecraft:birch_log":4},"minecraft:used":{"minecraft:dirt":7}},"DataVersion":3953}