{
  "minecraft:recipes/decorations/crafting_table": {
    "criteria": {
      "unlock_right_away": "2024-07-05 01:46:09 +0000"
    },
    "done": true
  },
  "minecraft:adventure/adventuring_time": {
    "criteria": {
      "minecraft:old_growth_birch_forest": "2024-07-05 01:50:56 +0000",
      "minecraft:beach": "2024-07-05 01:46:39 +0000",
      "minecraft:dark_forest": "2024-07-05 01:46:10 +0000",
      "minecraft:forest": "2024-07-05 01:48:56 +0000",
      "minecraft:sparse_jungle": "2024-07-05 01:51:01 +0000",
      "minecraft:ocean": "2024-07-05 01:46:56 +0000",
      "minecraft:jungle": "2024-07-05 01:51:12 +0000",
      "minecraft:deep_ocean": "2024-07-05 01:47:55 +0000",
      "minecraft:river": "2024-07-05 01:50:52 +0000",
      "minecraft:birch_forest": "2024-07-05 01:49:00 +0000",
      "minecraft:windswept_savanna": "2024-07-05 01:51:00 +0000"
    },
    "done": false
  },
  "minecraft:end/elytra": {
    "criteria": {
      "elytra": "2024-07-05 01:49:20 +0000"
    },
    "done": true
  },
  "minecraft:recipes/transportation/mangrove_boat": {
    "criteria": {
      "in_water": "2024-07-05 01:51:56 +0000"
    },
    "done": true
  },
  "minecraft:recipes/transportation/acacia_boat": {
    "criteria": {
      "in_water": "2024-07-05 01:51:56 +0000"
    },
    "done": true
  },
  "minecraft:recipes/transportation/cherry_boat": {
    "criteria": {
      "in_water": "2024-07-05 01:51:56 +0000"
    },
    "done": true
  },
  "minecraft:recipes/transportation/bamboo_raft": {
    "criteria": {
      "in_water": "2024-07-05 01:51:56 +0000"
    },
    "done": true
  },
  "minecraft:recipes/transportation/spruce_boat": {
    "criteria": {
      "in_water": "2024-07-05 01:51:56 +0000"
    },
    "done": true
  },
  "minecraft:recipes/transportation/birch_boat": {
    "criteria": {
      "in_water": "2024-07-05 01:51:56 +0000"
    },
    "done": true
  },
  "minecraft:recipes/transportation/oak_boat": {
    "criteria": {
      "in_water": "2024-07-05 01:51:56 +0000"
    },
    "done": true
  },
  "minecraft:recipes/transportation/jungle_boat": {
    "criteria": {
      "in_water": "2024-07-05 01:51:56 +0000"
    },
    "done": true
  },
  "minecraft:recipes/transportation/dark_oak_boat": {
    "criteria": {
      "in_water": "2024-07-05 01:51:56 +0000"
    },
    "done": true
  },
  "DataVersion": 3953
}